date,winner,loser
2023-06-10,Diana Belbita,Maria Oliveira
2023-06-10,Steve Erceg,David Dvorak
2023-06-10,Kyle Nelson,Blake Bilder
2023-06-10,Aiemann Zahabi,Aoriqileng
2023-06-10,Jasmine Jasudavicius,Miranda Maverick
2023-06-10,Marc-Andre Barriault,Eryk Anders
2023-06-10,Dan Ige,Nate Landwehr
2023-06-10,Mike Malott,Adam Fugitt
2023-06-10,Charles Oliveira,Beneil Dariush
2023-06-10,Amanda Nunes,Irene Aldana
2023-06-17,Modestas Bukauskas,Zac Pauga
2023-06-17,Tereza Bleda,Gabriella Fernandes
2023-06-17,Carlos Hernandez,Denys Bondar
2023-06-17,Kyung Ho Kang,Cristian Quiñonez
2023-06-17,Alessandro Costa,Jimmy Flick
2023-06-17,Nicolas Dalby,Muslim Salikhov
2023-06-17,Manuel Torres,Nikolas Motta
2023-06-17,Pat Sabatini,Lucas Almeida
2023-06-17,Armen Petrosyan,Christian Leroy Duncan
2023-06-17,Arman Tsarukyan,Joaquim Silva
2023-06-17,Jared Cannonier,Marvin Vettori
2023-06-24,Sedriques Dumas,Cody Brundage
2023-06-24,Jack Jenkins,Jamall Emmers
2023-06-24,Chepe Mariscal,Trevor Peek
2023-06-24,Joshua Van,Zhalgas Zhumagulov
2023-06-24,Tabatha Ricci,Gillian Robertson
2023-06-24,Mateusz Rębecki,Loik Radzhabov
2023-06-24,Randy Brown,Wellington Turman
2023-06-24,Neil Magny,Phil Rowe
2023-06-24,Brendan Allen,Bruno Silva
2023-06-24,David Onama,Gabriel Santos
2023-06-24,Maycee Barber,Amanda Ribas
2023-06-24,Ilia Topuria,Josh Emmett
2023-07-01,Alexandr Romanov,Blagoy Ivanov
2023-07-01,Luana Carolina,Ivana Petrovic
2023-07-01,Elves Brener,Guram Kutateladze
2023-07-01,Karol Rosa,Yana Santos
2023-07-01,Joanderson Brito,Westin Wilson
2023-07-01,Rinat Fakhretdinov,Kevin Lee
2023-07-01,Nursulton Ruziboev,Brunno Ferreira
2023-07-01,Benoît Saint Denis,Ismael Bonfim
2023-07-01,Ariane Lipski da Silva,Melissa Gatto
2023-07-01,Michael Morales,Max Griffin
2023-07-01,Grant Dawson,Damir Ismagulov
2023-07-01,Sean Strickland,Abus Magomedov
2023-07-08,Esteban Ribovics,Kamuela Kirk
2023-07-08,Jesus Aguilar,Shannon Ross
2023-07-08,Cameron Saaiman,Terrence Mitchell
2023-07-08,Vitor Petrino,Marcin Prachnio
2023-07-08,Alonzo Menifield,Jimmy Crute
2023-07-08,Denise Gomes,Yazmin Jauregui
2023-07-08,Tatsuro Taira,Édgar Cháirez
2023-07-08,Robbie Lawler,Niko Price
2023-07-08,Bo Nickal,Val Woodburn
2023-07-08,Dan Hooker,Jalin Turner
2023-07-08,Dricus Du Plessis,Robert Whittaker
2023-07-08,Alexandre Pantoja,Brandon Moreno
2023-07-08,Alexander Volkanovski,Yair Rodriguez
2023-07-15,Ailin Perez,Ashlee Evans-Smith
2023-07-15,Alexander Munoz,Carl Deaton
2023-07-15,Azat Maksum,Tyson Nam
2023-07-15,Evan Elder,Genaro Valdez
2023-07-15,Melquizael Costa,Austin Lingo
2023-07-15,Viktoriia Dudakova,Istela Nunes
2023-07-15,Melsik Baghdasaryan,Tucker Lutz
2023-07-15,Nazim Sadykhov,Terrance McKinney
2023-07-15,Norma Dumont,Chelsea Chandler
2023-07-15,JunYong Park,Albert Duraev
2023-07-15,Francisco Prado,Ottman Azaitar
2023-07-15,Jack Della Maddalena,Bassil Hafez
2023-07-22,Jafel Filho,Daniel Barez
2023-07-22,Bruna Brasil,Shauna Bannon
2023-07-22,Chris Duncan,Yanal Ashmouz
2023-07-22,Ketlen Vieira,Pannie Kianzad
2023-07-22,Makhmud Muradov,Bryan Barberena
2023-07-22,Mick Parkin,Jamal Pogues
2023-07-22,Joel Álvarez,Marc Diakiese
2023-07-22,Jonny Parsons,Danny Roberts
2023-07-22,Daniel Marcos,Davey Grant
2023-07-22,Lerone Murphy,Josh Culibao
2023-07-22,Farés Ziam,Jai Herbert
2023-07-22,Paul Craig,Andre Muniz
2023-07-22,Nathaniel Wood,Andre Fili
2023-07-22,Julija Stoliarenko,Molly McCann
2023-07-22,Tom Aspinall,Marcin Tybura
2023-07-26,Austin Hubbard,Roosevelt Roberts
2023-07-29,Miranda Maverick,Priscila Cachoeira
2023-07-29,Uroš Medić,Matthew Semelsberger
2023-07-29,Jake Matthews,Darrius Flowers
2023-07-29,Roman Kopylov,Claudio Ribeiro
2023-07-29,CJ Vergara,Vinicius Salvador
2023-07-29,Gabriel Bonfim,Trevin Giles
2023-07-29,Kevin Holland,Michael Chiesa
2023-07-29,King Green,Tony Ferguson
2023-07-29,Derrick Lewis,Marcos Rogerio de Lima
2023-07-29,Alex Pereira,Jan Blachowicz
2023-07-29,Justin Gaethje,Dustin Poirier
2023-08-02,Brad Katona,Timur Valiev
2023-08-05,Asu Almabayev,Ode' Osbourne
2023-08-05,Sean Woodson,Dennis Buzukja
2023-08-05,Cody Durden,Jake Hadley
2023-08-05,Billy Quarantillo,Damon Jackson
2023-08-05,Carlston Harris,Jeremiah Wells
2023-08-05,Kyler Phillips,Raoni Barcelos
2023-08-05,Ludovit Klein,Ignacio Bahamondes
2023-08-05,Tanner Boser,Aleksa Camur
2023-08-05,Diego Lopes,Gavin Tucker
2023-08-05,Dustin Jacoby,Kennedy Nzechukwu
2023-08-05,Tatiana Suarez,Jessica Andrade
2023-08-05,Cory Sandhagen,Rob Font
2023-08-08,Kevin Borjas,Victor Dias
2023-08-08,Payton Talbott,Reyes Cortez Jr.
2023-08-08,Caio Machado,Kevin Szaflarski
2023-08-08,Tom Nolan,Bogdan Grad
2023-08-08,Cesar Almeida,Lucas Fernando
2023-08-09,Kurt Holobaugh,Jason Knight
2023-08-12,Luana Santos,Juliana Miller
2023-08-12,Da'Mon Blackshear,Jose Johnson
2023-08-12,Jaqueline Amorim,Montserrat Conejo Ruiz
2023-08-12,Martin Buday,Josh Parisian
2023-08-12,Isaac Dulgarian,Francis Marshall
2023-08-12,Terrance McKinney,Mike Breeden
2023-08-12,Marcus McGhee,JP Buys
2023-08-12,Josh Fremd,Jamie Pickett
2023-08-12,AJ Dobson,Tafon Nchukwi
2023-08-12,Iasmin Lucindo,Polyana Viana
2023-08-12,Khalil Rountree Jr.,Chris Daukaus
2023-08-12,Cub Swanson,Hakeem Dawodu
2023-08-12,Vicente Luque,Rafael Dos Anjos
2023-08-15,Charalampos Grigoriou,Cameron Smotherman
2023-08-15,Eduarda Moura,Janaina Silva
2023-08-15,Hyder Amil,Emrah Sonmez
2023-08-15,Ibo Aslan,Paulo Renato Jr.
2023-08-15,Abdul-Kareem Al-Selwady,George Hardwick
2023-08-16,Cody Gibson,Rico DiSciullo
2023-08-19,Karine Silva,Maryna Moroz
2023-08-19,Natalia Silva,Andrea Lee
2023-08-19,Andre Petroski,Gerald Meerschaert
2023-08-19,Brad Katona,Cody Gibson
2023-08-19,Kurt Holobaugh,Austin Hubbard
2023-08-19,Gregory Rodrigues,Denis Tiuliulin
2023-08-19,Brad Tavares,Chris Weidman
2023-08-19,Marlon Vera,Pedro Munhoz
2023-08-19,Mario Bautista,Da'Mon Blackshear
2023-08-19,Ian Machado Garry,Neil Magny
2023-08-19,Zhang Weili,Amanda Lemos
2023-08-19,Sean O'Malley,Aljamain Sterling
2023-08-23,Luis Pajuelo,Robbie Ring
2023-08-23,Josefine Knutsson,Isis Verbeek
2023-08-23,Oban Elliott,Kaik Brito
2023-08-23,Zachary Reese,Eli Aronov
2023-08-26,SeungWoo Choi,Jarno Errens
2023-08-26,JJ Aldrich,Liang Na
2023-08-26,Billy Ray Goff,Yusaku Kinoshita
2023-08-26,Song Kenan,Rolando Bedoya
2023-08-26,Michal Oleksiejczuk,Chidi Njokuani
2023-08-26,Garrett Armfield,Toshiomi Kazama
2023-08-26,Waldo Cortes Acosta,Lukasz Brzeski
2023-08-26,Junior Tafa,Parker Porter
2023-08-26,Erin Blanchfield,Taila Santos
2023-08-26,Rinya Nakamura,Fernie Garcia
2023-08-26,Giga Chikadze,Alex Caceres
2023-08-26,Anthony Smith,Ryan Spann
2023-08-26,Max Holloway,Chan Sung Jung
2023-08-30,Bolaji Oki,Dylan Salvador
2023-08-30,Thomas Petersen,Chandler Cole
2023-08-30,Timmy Cuamba,Mateo Vogel
2023-08-30,Marco Tulio,Yousri Belgaroui
2023-08-30,Carlos Prates,Mitch Ramirez
2023-09-02,Jacqueline Cavalcanti,Zarah Fairn
2023-09-02,Farid Basharat,Kleydson Rodrigues
2023-09-02,Nora Cornolle,Joselyne Edwards
2023-09-02,Ange Loosa,Rhys McKee
2023-09-02,Taylor Lapilus,Caolán Loughran
2023-09-02,Morgan Charrière,Manolo Zecchini
2023-09-02,William Gomis,Yanis Ghemmouri
2023-09-02,Volkan Oezdemir,Bogdan Guskov
2023-09-02,Benoît Saint Denis,Thiago Moisés
2023-09-02,Manon Fiorot,Rose Namajunas
2023-09-02,Ciryl Gane,Serghei Spivac
2023-09-06,Dione Barbosa,Rainn Guerrero
2023-09-06,Jean Silva,Kevin Vallejos
2023-09-06,Dylan Budka,Chad Hanekom
2023-09-06,Serhiy Sidey,Ramon Taveras
2023-09-06,Brendson Ribeiro,Bruno Lopes
2023-09-09,Kevin Jousset,Kiefer Crosbie
2023-09-09,Gabriel Miranda,Shane Young
2023-09-09,Charles Radtke,Blood Diamond
2023-09-09,Nasrat Haqparast,Landon Quiñones
2023-09-09,Jamie Mullarkey,John Makdessi
2023-09-09,Chepe Mariscal,Jack Jenkins
2023-09-09,Carlos Ulberg,Da Woon Jung
2023-09-09,Tyson Pedro,Anton Turkalj
2023-09-09,Justin Tafa,Austen Lane
2023-09-09,Manel Kape,Felipe dos Santos
2023-09-09,Alexander Volkov,Tai Tuivasa
2023-09-09,Sean Strickland,Israel Adesanya
2023-09-13,Jean Matsumoto,Kasey Tanner
2023-09-13,Julia Polastri,Patricia Alujas
2023-09-13,Steven Nguyen,AJ Cunningham
2023-09-13,Jhonata Diniz,Eduardo Neves
2023-09-13,James Llontop,Malik Lewis
2023-09-16,Josefine Knutsson,Marnic Mann
2023-09-16,Charlie Campbell,Alex Reyes
2023-09-16,Tracy Cortez,Jasmine Jasudavicius
2023-09-16,Roman Kopylov,Josh Fremd
2023-09-16,Loopy Godínez,Elise Reed
2023-09-16,Kyle Nelson,Fernando Padilla
2023-09-16,Daniel Zellhuber,Christos Giagos
2023-09-16,Raul Rosas Jr.,Terrence Mitchell
2023-09-16,Jack Della Maddalena,Kevin Holland
2023-09-20,Igor Severino,Jhonata Silva
2023-09-20,Kaynan Kruschewsky,Dylan Mantello
2023-09-20,Daniel Allen,Jacobi Jones
2023-09-20,Shamil Gaziev,Greg Velasco
2023-09-23,Montse Rendon,Tamires Vidal
2023-09-23,Mizuki,Hannah Goldy
2023-09-23,Mohammed Usman,Jake Collier
2023-09-23,Cody Brundage,Jacob Malkoun
2023-09-23,Tim Means,Andre Fialho
2023-09-23,Charles Jourdain,Ricardo Ramos
2023-09-23,Bryan Battle,AJ Fletcher
2023-09-23,Marina Rodriguez,Michelle Waterson-Gomez
2023-09-23,Bryce Mitchell,Dan Ige
2023-09-23,Mateusz Gamrot,Rafael Fiziev
2023-09-27,Vinicius Oliveira,Victor Madrigal
2023-09-27,Ernesta Kareckaite,Carli Judice
2023-09-27,Danny Silva,Angel Pacheco
2023-09-27,Mario Piazzon,Alexander Soldatkin
2023-09-27,Danny Barlow,Raheam Forest
2023-10-04,Mauricio Ruffy,Raimond Magomedaliev
2023-10-04,Magomed Gadzhiyasulov,Jose Daniel Medina
2023-10-04,Victor Hugo,Eduardo Torres Caut
2023-10-04,Rodolfo Bellato,Murtaza Talha
2023-10-07,JJ Aldrich,Montana De La Rosa
2023-10-07,Aoriqileng,Johnny Munoz
2023-10-07,Vanessa Demopoulos,Kanako Murata
2023-10-07,Nate Maness,Mateus Mendonca
2023-10-07,Karolina Kowalkiewicz,Diana Belbita
2023-10-07,Bill Algeo,Alexander Hernandez
2023-10-07,Drew Dober,Ricky Glenn
2023-10-07,Joaquin Buckley,Alex Morono
2023-10-07,Joe Pyfer,Abdul Razak Alhassan
2023-10-07,King Green,Grant Dawson
2023-10-11,Lucas Rocha,Davi Bittencourt
2023-10-11,MarQuel Mederos,Issa Isakov
2023-10-11,Torrez Finney,Yuri Panferov
2023-10-11,Connor Matthews,Jair Farias
2023-10-11,Andre Lima,Rickson Zenidim
2023-10-11,Ramon Taveras,Cortavious Romious
2023-10-14,Emily Ducote,Ashley Yoder
2023-10-14,Chris Gutierrez,Alatengheili
2023-10-14,Melissa Mullins,Irina Alekseeva
2023-10-14,Terrance McKinney,Brendon Marotte
2023-10-14,Tainara Lisboa,Ravena Oliveira
2023-10-14,Darren Elkins,TJ Brown
2023-10-14,Christian Rodriguez,Cameron Saaiman
2023-10-14,Michel Pereira,Andre Petroski
2023-10-14,Jonathan Martinez,Adrian Yanez
2023-10-14,Viviane Araújo,Jennifer Maia
2023-10-14,Edson Barboza,Sodiq Yusuff
2023-10-21,Shara Magomedov,Bruno Silva
2023-10-21,Viktoriia Dudakova,Jinh Yu Frey
2023-10-21,Muhammad Naimov,Nathaniel Wood
2023-10-21,Mike Breeden,Anshul Jubli
2023-10-21,Sedriques Dumas,Abu Azaitar
2023-10-21,Trevor Peek,Mohammad Yahya
2023-10-21,Muhammad Mokaev,Tim Elliott
2023-10-21,Said Nurmagomedov,Muin Gafurov
2023-10-21,Ikram Aliskerov,Warlley Alves
2023-10-21,Khamzat Chimaev,Kamaru Usman
2023-10-21,Islam Makhachev,Alexander Volkanovski
2023-11-04,Marc Diakiese,Kauê Fernandes
2023-11-04,Eduarda Moura,Montserrat Conejo Ruiz
2023-11-04,Angela Hill,Denise Gomes
2023-11-04,Vitor Petrino,Modestas Bukauskas
2023-11-04,Elves Brener,Kaynan Kruschewsky
2023-11-04,Caio Borralho,Abus Magomedov
2023-11-04,Rodrigo Nascimento,Don'Tale Mayes
2023-11-04,Nicolas Dalby,Gabriel Bonfim
2023-11-04,Jailton Almeida,Derrick Lewis
2023-11-11,Jamall Emmers,Dennis Buzukja
2023-11-11,Joshua Van,Kevin Borjas
2023-11-11,John Castaneda,Kyung Ho Kang
2023-11-11,Jared Gordon,Mark O. Madsen
2023-11-11,Mateusz Rębecki,Roosevelt Roberts
2023-11-11,Loopy Godínez,Tabatha Ricci
2023-11-11,Steve Erceg,Alessandro Costa
2023-11-11,Diego Lopes,Pat Sabatini
2023-11-11,Benoît Saint Denis,Matt Frevola
2023-11-11,Jessica Andrade,Mackenzie Dern
2023-11-11,Tom Aspinall,Sergei Pavlovich
2023-11-11,Alex Pereira,Jiří Procházka
2023-11-18,Rafael Estevam,Charles Johnson
2023-11-18,Ailin Perez,Lucie Pudilova
2023-11-18,Jeka Saragih,Lucas Alexander
2023-11-18,Mick Parkin,Caio Machado
2023-11-18,Christian Leroy Duncan,Denis Tiuliulin
2023-11-18,Jose Johnson,Chad Anheliger
2023-11-18,Joanderson Brito,Jonathan Pearce
2023-11-18,Myktybek Orolbai,Uroš Medić
2023-11-18,Amanda Ribas,Luana Pinheiro
2023-11-18,Payton Talbott,Nick Aguirre
2023-11-18,Chase Hooper,Jordan Leavitt
2023-11-18,Michael Morales,Jake Matthews
2023-11-18,Brendan Allen,Paul Craig
2023-12-02,Veronica Hardy,Jamey-Lyn Horth
2023-12-02,Jared Gooden,Wellington Turman
2023-12-02,Rodolfo Bellato,Ihor Potieria
2023-12-02,Drakkar Klose,Joe Solecki
2023-12-02,Cody Brundage,Zachary Reese
2023-12-02,Miesha Tate,Julia Avila
2023-12-02,Dustin Stoltzfus,Punahele Soriano
2023-12-02,Joaquim Silva,Clay Guida
2023-12-02,Sean Brady,Kelvin Gastelum
2023-12-02,Deiveson Figueiredo,Rob Font
2023-12-02,Jalin Turner,King Green
2023-12-02,Arman Tsarukyan,Beneil Dariush
2023-12-10,Talita Alencar,Rayanne dos Santos
2023-12-10,Tatsuro Taira,Carlos Hernandez
2023-12-10,Luana Santos,Stephanie Egger
2023-12-10,Steve Garcia,Melquizael Costa
2023-12-10,HyunSung Park,Shannon Ross
2023-12-10,Kevin Jousset,Song Kenan
2023-12-10,Andre Muniz,JunYong Park
2023-12-10,Tim Elliott,Sumudaerji
2023-12-10,Nasrat Haqparast,Jamie Mullarkey
2023-12-10,Khalil Rountree Jr.,Anthony Smith
2023-12-10,Song Yadong,Chris Gutierrez
2023-12-16,Shamil Gaziev,Martin Buday
2023-12-16,Andre Fili,Lucas Almeida
2023-12-16,Tagir Ulanbekov,Cody Durden
2023-12-16,Ariane Lipski da Silva,Casey O'Neill
2023-12-16,Cody Garbrandt,Brian Kelleher
2023-12-16,Irene Aldana,Karol Rosa
2023-12-16,Alonzo Menifield,Dustin Jacoby
2023-12-16,Josh Emmett,Bryce Mitchell
2023-12-16,Paddy Pimblett,Tony Ferguson
2023-12-16,Shavkat Rakhmonov,Stephen Thompson
2023-12-16,Alexandre Pantoja,Brandon Royval
2023-12-16,Leon Edwards,Colby Covington
2024-01-13,Joshua Van,Felipe Bunes
2024-01-13,Nikolas Motta,Tom Nolan
2024-01-13,Jean Silva,Westin Wilson
2024-01-13,Farid Basharat,Taylor Lapilus
2024-01-13,Marcus McGhee,Gaston Bolaños
2024-01-13,Preston Parsons,Matthew Semelsberger
2024-01-13,Waldo Cortes Acosta,Andrei Arlovski
2024-01-13,Brunno Ferreira,Phil Hawes
2024-01-13,Mario Bautista,Ricky Simon
2024-01-13,Jim Miller,Gabriel Benitez
2024-01-13,Magomed Ankalaev,Johnny Walker
2024-01-20,Jimmy Flick,Malcolm Gordon
2024-01-20,Jasmine Jasudavicius,Priscila Cachoeira
2024-01-20,Sam Patterson,Yohan Lainesse
2024-01-20,Gillian Robertson,Polyana Viana
2024-01-20,Ramon Taveras,Serhiy Sidey
2024-01-20,Sean Woodson,Charles Jourdain
2024-01-20,Garrett Armfield,Brad Katona
2024-01-20,Movsar Evloev,Arnold Allen
2024-01-20,Chris Curtis,Marc-Andre Barriault
2024-01-20,Neil Magny,Mike Malott
2024-01-20,Raquel Pennington,Mayra Bueno Silva
2024-01-20,Dricus Du Plessis,Sean Strickland
2024-02-03,Jamal Pogues,Thomas Petersen
2024-02-03,MarQuel Mederos,Landon Quiñones
2024-02-03,Luana Carolina,Julija Stoliarenko
2024-02-03,JeongYeong Lee,Blake Bilder
2024-02-03,Themba Gorimbo,Pete Rodriguez
2024-02-03,Charles Johnson,Azat Maksum
2024-02-03,Molly McCann,Diana Belbita
2024-02-03,Charles Radtke,Gilbert Urbina
2024-02-03,Natalia Silva,Viviane Araújo
2024-02-03,Randy Brown,Muslim Salikhov
2024-02-03,Renato Moicano,Drew Dober
2024-02-03,Nassourdine Imavov,Roman Dolidze
2024-02-10,Hyder Amil,Fernie Garcia
2024-02-10,Bogdan Guskov,Zac Pauga
2024-02-10,Max Griffin,Jeremiah Wells
2024-02-10,Marcin Prachnio,Devin Clark
2024-02-10,Loma Lookboonmee,Bruna Brasil
2024-02-10,Bolaji Oki,Timmy Cuamba
2024-02-10,Carlos Prates,Trevin Giles
2024-02-10,Rodolfo Vieira,Armen Petrosyan
2024-02-10,Michael Johnson,Darrius Flowers
2024-02-10,Gregory Rodrigues,Brad Tavares
2024-02-10,Ihor Potieria,Robert Bryczek
2024-02-10,Dan Ige,Andre Fili
2024-02-10,Jack Hermansson,Joe Pyfer
2024-02-17,Miranda Maverick,Andrea Lee
2024-02-17,Oban Elliott,Val Woodburn
2024-02-17,Danny Barlow,Josh Quinlan
2024-02-17,Zhang Mingyang,Brendson Ribeiro
2024-02-17,Rinya Nakamura,Carlos Vera
2024-02-17,Marcos Rogerio de Lima,Junior Tafa
2024-02-17,Amanda Lemos,Mackenzie Dern
2024-02-17,Anthony Hernandez,Roman Kopylov
2024-02-17,Merab Dvalishvili,Henry Cejudo
2024-02-17,Ian Machado Garry,Geoff Neal
2024-02-17,Robert Whittaker,Paulo Costa
2024-02-17,Ilia Topuria,Alexander Volkanovski
2024-02-25,Muhammad Naimov,Erik Silva
2024-02-25,Felipe dos Santos,Victor Altamirano
2024-02-25,Ronaldo Rodríguez,Denys Bondar
2024-02-25,Farés Ziam,Claudio Puelles
2024-02-25,Édgar Cháirez,Daniel Lacerda
2024-02-25,Jesus Aguilar,Mateus Mendonca
2024-02-25,Raoni Barcelos,Cristian Quiñonez
2024-02-25,Manuel Torres,Chris Duncan
2024-02-25,Yazmin Jauregui,Sam Hughes
2024-02-25,Daniel Zellhuber,Francisco Prado
2024-02-25,Brian Ortega,Yair Rodriguez
2024-02-25,Brandon Royval,Brandon Moreno
2024-03-02,Loik Radzhabov,Abdul-Kareem Al-Selwady
2024-03-02,Ludovit Klein,AJ Cunningham
2024-03-02,Christian Leroy Duncan,Claudio Ribeiro
2024-03-02,Aiemann Zahabi,Javid Basharat
2024-03-02,Vinicius Oliveira,Bernardo Sopaj
2024-03-02,Eryk Anders,Jamie Pickett
2024-03-02,Steve Erceg,Matt Schnell
2024-03-02,Umar Nurmagomedov,Bekzat Almakhan
2024-03-02,Muhammad Mokaev,Alex Perez
2024-03-02,Vitor Petrino,Tyson Pedro
2024-03-02,Jairzinho Rozenstruik,Shamil Gaziev
2024-03-09,Joanne Wood,Maryna Moroz
2024-03-09,Asu Almabayev,CJ Vergara
2024-03-09,Robelis Despaigne,Josh Parisian
2024-03-09,Michel Pereira,Michal Oleksiejczuk
2024-03-09,Philipe Lins,Ion Cutelaba
2024-03-09,Kyler Phillips,Pedro Munhoz
2024-03-09,Mateusz Gamrot,Rafael Dos Anjos
2024-03-09,Maycee Barber,Katlyn Cerminara
2024-03-09,Curtis Blaydes,Jailton Almeida
2024-03-09,Petr Yan,Song Yadong
2024-03-09,Jack Della Maddalena,Gilbert Burns
2024-03-09,Michael Page,Kevin Holland
2024-03-09,Dustin Poirier,Benoît Saint Denis
2024-03-09,Sean O'Malley,Marlon Vera
2024-03-16,Chad Anheliger,Charalampos Grigoriou
2024-03-16,Thiago Moisés,Mitch Ramirez
2024-03-16,Jaqueline Amorim,Cory McKenna
2024-03-16,Danny Silva,Josh Culibao
2024-03-16,Jafel Filho,Ode' Osbourne
2024-03-16,Chelsea Chandler,Josiane Nunes
2024-03-16,Mike Davis,Natan Levy
2024-03-16,Gerald Meerschaert,Bryan Barberena
2024-03-16,Macy Chiasson,Pannie Kianzad
2024-03-16,Christian Rodriguez,Isaac Dulgarian
2024-03-16,Ovince Saint Preux,Kennedy Nzechukwu
2024-03-16,Marcin Tybura,Tai Tuivasa
2024-03-23,Mick Parkin,Mohammed Usman
2024-03-23,Andre Lima,Igor Severino
2024-03-23,Daria Zhelezniakova,Montse Rendon
2024-03-23,Jarno Errens,Steven Nguyen
2024-03-23,Miles Johns,Cody Gibson
2024-03-23,Julian Erosa,Ricardo Ramos
2024-03-23,Trey Ogden,Kurt Holobaugh
2024-03-23,Fernando Padilla,Luis Pajuelo
2024-03-23,Youssef Zalal,Billy Quarantillo
2024-03-23,Payton Talbott,Cameron Saaiman
2024-03-23,Edmen Shahbazyan,AJ Dobson
2024-03-23,Karl Williams,Justin Tafa
2024-03-23,Rose Namajunas,Amanda Ribas
2024-03-30,Caolán Loughran,Angel Pacheco
2024-03-30,Jacob Malkoun,Andre Petroski
2024-03-30,Ibo Aslan,Anton Turkalj
2024-03-30,Dennis Buzukja,Connor Matthews
2024-03-30,Julio Arce,Herbert Burns
2024-03-30,Virna Jandiroba,Loopy Godínez
2024-03-30,Nate Landwehr,Jamall Emmers
2024-03-30,Chidi Njokuani,Rhys McKee
2024-03-30,Kyle Nelson,Bill Algeo
2024-03-30,Nursulton Ruziboev,Sedriques Dumas
2024-03-30,Chris Weidman,Bruno Silva
2024-03-30,Joaquin Buckley,Vicente Luque
2024-03-30,Manon Fiorot,Erin Blanchfield
2024-04-06,Nora Cornolle,Melissa Mullins
2024-04-06,Cesar Almeida,Dylan Budka
2024-04-06,Jean Matsumoto,Dan Argueta
2024-04-06,Victor Hugo,Pedro Falcão
2024-04-06,Norma Dumont,Germaine de Randamie
2024-04-06,Lukasz Brzeski,Valter Walker
2024-04-06,Alex Morono,Court McGee
2024-04-06,Charlie Campbell,Trevor Peek
2024-04-06,Ignacio Bahamondes,Christos Giagos
2024-04-06,Chepe Mariscal,Morgan Charrière
2024-04-06,Damon Jackson,Alexander Hernandez
2024-04-06,Brendan Allen,Chris Curtis
2024-04-13,Deiveson Figueiredo,Cody Garbrandt
2024-04-13,King Green,Jim Miller
2024-04-13,Jessica Andrade,Marina Rodriguez
2024-04-13,Renato Moicano,Jalin Turner
2024-04-13,Diego Lopes,Sodiq Yusuff
2024-04-13,Kayla Harrison,Holly Holm
2024-04-13,Aljamain Sterling,Calvin Kattar
2024-04-13,Jiří Procházka,Aleksandar Rakic
2024-04-13,Bo Nickal,Cody Brundage
2024-04-13,Arman Tsarukyan,Charles Oliveira
2024-04-13,Max Holloway,Justin Gaethje
2024-04-13,Zhang Weili,Yan Xiaonan
2024-04-13,Alex Pereira,Jamahal Hill
2024-04-27,Maheshate,Gabriel Benitez
2024-04-27,Ivana Petrovic,Liang Na
2024-04-27,Chris Padilla,James Llontop
2024-04-27,Ketlen Souza,Marnic Mann
2024-04-27,Don'Tale Mayes,Caio Machado
2024-04-27,Austin Hubbard,Michal Figlak
2024-04-27,Victor Henry,Rani Yahya
2024-04-27,Uroš Medić,Tim Means
2024-04-27,David Onama,Jonathan Pearce
2024-04-27,Jhonata Diniz,Austen Lane
2024-04-27,Karine Silva,Ariane Lipski da Silva
2024-04-27,Bogdan Guskov,Ryan Spann
2024-04-27,Alex Perez,Matheus Nicolau
2024-05-04,Alessandro Costa,Kevin Borjas
2024-05-04,Ismael Bonfim,Vinc Pichel
2024-05-04,Dione Barbosa,Ernesta Kareckaite
2024-05-04,Mauricio Ruffy,Jamie Mullarkey
2024-05-04,Drakkar Klose,Joaquim Silva
2024-05-04,Myktybek Orolbai,Elves Brener
2024-05-04,Iasmin Lucindo,Karolina Kowalkiewicz
2024-05-04,Joanderson Brito,Jack Shore
2024-05-04,Caio Borralho,Paul Craig
2024-05-04,Michel Pereira,Ihor Potieria
2024-05-04,Anthony Smith,Vitor Petrino
2024-05-04,José Aldo,Jonathan Martinez
2024-05-04,Alexandre Pantoja,Steve Erceg
2024-05-11,Veronica Hardy,JJ Aldrich
2024-05-11,Charles Johnson,Jake Hadley
2024-05-11,Trey Waters,Billy Ray Goff
2024-05-11,Tabatha Ricci,Tecia Pennington
2024-05-11,Esteban Ribovics,Terrance McKinney
2024-05-11,Chase Hooper,Viacheslav Borshchev
2024-05-11,Waldo Cortes Acosta,Robelis Despaigne
2024-05-11,Sean Woodson,Alex Caceres
2024-05-11,Diego Ferreira,Mateusz Rębecki
2024-05-11,Carlos Ulberg,Alonzo Menifield
2024-05-11,Joaquin Buckley,Nursulton Ruziboev
2024-05-11,Derrick Lewis,Rodrigo Nascimento
2024-05-18,Vanessa Demopoulos,Emily Ducote
2024-05-18,Alatengheili,Kleydson Rodrigues
2024-05-18,Ariane Carnelossi,Piera Rodriguez
2024-05-18,Abus Magomedov,Warlley Alves
2024-05-18,Melissa Gatto,Tamires Vidal
2024-05-18,Oumar Sy,Tuco Tokkos
2024-05-18,Tom Nolan,Victor Martinez
2024-05-18,Angela Hill,Luana Pinheiro
2024-05-18,Adrian Yanez,Vinicius Salvador
2024-05-18,Themba Gorimbo,Ramiz Brahimaj
2024-05-18,Khaos Williams,Carlston Harris
2024-05-18,Lerone Murphy,Edson Barboza
2024-06-01,Andre Lima,Mitch Raposo
2024-06-01,Ailin Perez,Joselyne Edwards
2024-06-01,Bassil Hafez,Mickey Gall
2024-06-01,Jake Matthews,Phil Rowe
2024-06-01,Grant Dawson,Joe Solecki
2024-06-01,Jailton Almeida,Alexandr Romanov
2024-06-01,Roman Kopylov,Cesar Almeida
2024-06-01,Randy Brown,Elizeu Zaleski dos Santos
2024-06-01,Niko Price,Alex Morono
2024-06-01,Kevin Holland,Michal Oleksiejczuk
2024-06-01,Sean Strickland,Paulo Costa
2024-06-01,Islam Makhachev,Dustin Poirier
2024-06-08,Puja Tomar,Rayanne dos Santos
2024-06-08,Taylor Lapilus,Cody Stamann
2024-06-08,Denise Gomes,Eduarda Moura
2024-06-08,Daniel Marcos,John Castaneda
2024-06-08,Montana De La Rosa,Andrea Lee
2024-06-08,Brad Katona,Jesse Butler
2024-06-08,Carlos Prates,Charles Radtke
2024-06-08,Ludovit Klein,Thiago Moisés
2024-06-08,Punahele Soriano,Miguel Baeza
2024-06-08,Zachary Reese,Julian Marquez
2024-06-08,Brunno Ferreira,Dustin Stoltzfus
2024-06-08,Raul Rosas Jr.,Ricky Turcios
2024-06-08,Dominick Reyes,Dustin Jacoby
2024-06-08,Nassourdine Imavov,Jared Cannonier
2024-06-15,Josefine Knutsson,Julia Polastri
2024-06-15,Melquizael Costa,Shayilan Nuerdanbieke
2024-06-15,Westin Wilson,Jeka Saragih
2024-06-15,Gabriella Fernandes,Carli Judice
2024-06-15,Nate Maness,Jimmy Flick
2024-06-15,Adam Fugitt,Josh Quinlan
2024-06-15,Asu Almabayev,Jose Johnson
2024-06-15,Brady Hiestand,Garrett Armfield
2024-06-15,Lucas Almeida,Timmy Cuamba
2024-06-15,Miles Johns,Douglas Silva de Andrade
2024-06-15,Tatsuro Taira,Alex Perez
2024-06-22,ChangHo Lee,Xiao Long
2024-06-22,Magomed Gadzhiyasulov,Brendson Ribeiro
2024-06-22,Muin Gafurov,Kyung Ho Kang
2024-06-22,Rinat Fakhretdinov,Nicolas Dalby
2024-06-22,Felipe Lima,Muhammad Naimov
2024-06-22,Nasrat Haqparast,Jared Gordon
2024-06-22,Volkan Oezdemir,Johnny Walker
2024-06-22,Shara Magomedov,Antonio Trocoli
2024-06-22,Kelvin Gastelum,Daniel Rodriguez
2024-06-22,Alexander Volkov,Sergei Pavlovich
2024-06-22,Robert Whittaker,Ikram Aliskerov
2024-06-29,Vinicius Oliveira,Ricky Simon
2024-06-29,Rei Tsuruya,Carlos Hernandez
2024-06-29,Martin Buday,Andrei Arlovski
2024-06-29,Gillian Robertson,Michelle Waterson-Gomez
2024-06-29,Payton Talbott,Yanis Ghemmouri
2024-06-29,Jean Silva,Charles Jourdain
2024-06-29,Andre Fili,Cub Swanson
2024-06-29,Joe Pyfer,Marc-Andre Barriault
2024-06-29,Ian Machado Garry,Michael Page
2024-06-29,Macy Chiasson,Mayra Bueno Silva
2024-06-29,Roman Dolidze,Anthony Smith
2024-06-29,Diego Lopes,Dan Ige
2024-06-29,Alex Pereira,Jiří Procházka
2024-07-13,Evan Elder,Darrius Flowers
2024-07-13,Andre Petroski,Josh Fremd
2024-07-13,Luana Santos,Mariya Agapova
2024-07-13,Montel Jackson,Da'Mon Blackshear
2024-07-13,Jasmine Jasudavicius,Fatima Kline
2024-07-13,Charles Johnson,Joshua Van
2024-07-13,Julian Erosa,Christian Rodriguez
2024-07-13,Gabriel Bonfim,Ange Loosa
2024-07-13,Jean Silva,Drew Dober
2024-07-13,Muslim Salikhov,Santiago Ponzinibbio
2024-07-13,Rose Namajunas,Tracy Cortez
2024-07-20,Thomas Petersen,Mohammed Usman
2024-07-20,Luana Carolina,Lucie Pudilova
2024-07-20,Trey Ogden,Loik Radzhabov
2024-07-20,Miranda Maverick,Dione Barbosa
2024-07-20,Cody Gibson,Brian Kelleher
2024-07-20,Hyder Amil,JeongYeong Lee
2024-07-20,Dooho Choi,Bill Algeo
2024-07-20,Bruno Silva,Cody Durden
2024-07-20,Kurt Holobaugh,Kaynan Kruschewsky
2024-07-20,Steve Garcia,SeungWoo Choi
2024-07-20,Virna Jandiroba,Amanda Lemos
2024-07-27,Shauna Bannon,Alice Ardelean
2024-07-27,Mick Parkin,Lukasz Brzeski
2024-07-27,Sam Patterson,Kiefer Crosbie
2024-07-27,Modestas Bukauskas,Marcin Prachnio
2024-07-27,Oban Elliott,Preston Parsons
2024-07-27,Muhammad Mokaev,Manel Kape
2024-07-27,Jake Hadley,Caolán Loughran
2024-07-27,Bruna Brasil,Molly McCann
2024-07-27,Nathaniel Wood,Daniel Pineda
2024-07-27,Arnold Allen,Giga Chikadze
2024-07-27,Gregory Rodrigues,Christian Leroy Duncan
2024-07-27,Paddy Pimblett,King Green
2024-07-27,Tom Aspinall,Curtis Blaydes
2024-07-27,Belal Muhammad,Leon Edwards
2024-08-03,Sedriques Dumas,Denis Tiuliulin
2024-08-03,Jai Herbert,Rolando Bedoya
2024-08-03,Sam Hughes,Viktoriia Dudakova
2024-08-03,Guram Kutateladze,Jordan Vucenic
2024-08-03,Shamil Gaziev,Don'Tale Mayes
2024-08-03,Kauê Fernandes,Mohammad Yahya
2024-08-03,Azamat Murzakanov,Alonzo Menifield
2024-08-03,Joel Álvarez,Elves Brener
2024-08-03,Mackenzie Dern,Loopy Godínez
2024-08-03,Michael Chiesa,Tony Ferguson
2024-08-03,Deiveson Figueiredo,Marlon Vera
2024-08-03,Shara Magomedov,Michal Oleksiejczuk
2024-08-03,Umar Nurmagomedov,Cory Sandhagen
2024-08-10,Stephanie Luciano,Talita Alencar
2024-08-10,Youssef Zalal,Jarno Errens
2024-08-10,Jhonata Diniz,Karl Williams
2024-08-10,Karol Rosa,Pannie Kianzad
2024-08-10,Toshiomi Kazama,Charalampos Grigoriou
2024-08-10,Yana Santos,Chelsea Chandler
2024-08-10,Chris Gutierrez,Quang Le
2024-08-10,Danny Barlow,Nikolay Veretennikov
2024-08-10,Chepe Mariscal,Damon Jackson
2024-08-10,Serghei Spivac,Marcin Tybura
2024-08-13,Lone'er Kavanagh,An Tuan Ho
2024-08-13,Jose Miguel Delgado,Ernie Juarez
2024-08-13,Bruno Lopes,Mikheil Sazhiniani
2024-08-13,Rami Hamed,Ding Meng
2024-08-13,Mansur Abdul-Malik,Wes Schultz
2024-08-17,Jesus Aguilar,Stewart Nicoll
2024-08-17,Song Kenan,Ricky Glenn
2024-08-17,Tom Nolan,Alex Reyes
2024-08-17,Jack Jenkins,Herbert Burns
2024-08-17,Casey O'Neill,Luana Santos
2024-08-17,Ricardo Ramos,Josh Culibao
2024-08-17,Valter Walker,Junior Tafa
2024-08-17,Carlos Prates,Li Jingliang
2024-08-17,Jairzinho Rozenstruik,Tai Tuivasa
2024-08-17,Dan Hooker,Mateusz Gamrot
2024-08-17,Kai Kara-France,Steve Erceg
2024-08-17,Dricus Du Plessis,Israel Adesanya
2024-08-20,Cody Haddon,Billy Brand
2024-08-20,Torrez Finney,Cam Rowston
2024-08-20,Cortavious Romious,Michael Imperato
2024-08-20,Rizvan Kuniev,Hugo Cunha
2024-08-20,Andreas Gustafsson,Pat Pytlik
2024-08-24,Wang Cong,Victoria Leonardo
2024-08-24,Jacqueline Cavalcanti,Josiane Nunes
2024-08-24,Viacheslav Borshchev,James Llontop
2024-08-24,Zachary Reese,Jose Daniel Medina
2024-08-24,Francis Marshall,Dennis Buzukja
2024-08-24,Gerald Meerschaert,Edmen Shahbazyan
2024-08-24,Michael Morales,Neil Magny
2024-08-24,Mairon Santos,Kaan Ofli
2024-08-24,Ryan Loder,Robert Valentin
2024-08-24,Tabatha Ricci,Angela Hill
2024-08-24,Caio Borralho,Jared Cannonier
2024-08-28,Nick Piccininni,Jack Duffy
2024-08-28,Malcolm Wellmaker,Adam Bramhald
2024-08-28,Marco Tulio,Matthieu Duclos
2024-08-28,Bogdan Grad,Michael Aswell
2024-08-28,Andrey Pulyaev,Liam Anderson
2024-09-04,Quillan Salkilld,Gauge Young
2024-09-04,Yuneisy Duben,Shannon Clark
2024-09-04,Austin Bashi,Dorian Ramos
2024-09-04,Djorden Santos,Will Currie
2024-09-04,Seokhyeon Ko,Igor Cavalcanti
2024-09-07,Nathan Fletcher,Zygimantas Ramaska
2024-09-07,Andre Petroski,Dylan Budka
2024-09-07,Jaqueline Amorim,Vanessa Demopoulos
2024-09-07,Gabriel Santos,Yizha
2024-09-07,Andre Lima,Felipe dos Santos
2024-09-07,Isaac Dulgarian,Brendon Marotte
2024-09-07,Chris Padilla,Rongzhu
2024-09-07,Yanal Ashmouz,Trevor Peek
2024-09-07,Cody Durden,Matt Schnell
2024-09-07,Steve Garcia,Kyle Nelson
2024-09-07,Natalia Silva,Jessica Andrade
2024-09-07,Sean Brady,Gilbert Burns
2024-09-11,Nicolle Caliari,Corinne Laframboise
2024-09-11,Josias Musasa,Otari Tanzilovi
2024-09-11,Yousri Belgaroui,Taiga Iwasaki
2024-09-11,Navajo Stirling,Phil Latu
2024-09-14,Raul Rosas Jr.,Aoriqileng
2024-09-14,Joshua Van,Édgar Cháirez
2024-09-14,Ketlen Souza,Yazmin Jauregui
2024-09-14,Ignacio Bahamondes,Manuel Torres
2024-09-14,Norma Dumont,Irene Aldana
2024-09-14,Ronaldo Rodríguez,Ode' Osbourne
2024-09-14,Esteban Ribovics,Daniel Zellhuber
2024-09-14,Diego Lopes,Brian Ortega
2024-09-14,Valentina Shevchenko,Alexa Grasso
2024-09-14,Merab Dvalishvili,Sean O'Malley
2024-09-18,Ahmad Hassanzada,Dylan Mantello
2024-09-18,Ateba Gautier,Yura Naito
2024-09-18,Benjamin Bennett,Joey Hart
2024-09-18,Tallison Teixeira,Arthur Lopes
2024-09-18,Elijah Smith,Aaron Tau
2024-09-25,Alexia Thainara,Rose Conceição
2024-09-25,Kevin Vallejos,Cam Teague
2024-09-25,Kevin Christian,Francesco Mazzeo
2024-09-25,Daniel Frunza,Vadym Kutsyi
2024-09-25,Danylo Voievodkin,Bailey Schoenfelder
2024-09-28,Chris Duncan,Bolaji Oki
2024-09-28,Jacqueline Cavalcanti,Nora Cornolle
2024-09-28,Daniel Barez,Victor Altamirano
2024-09-28,Ailin Perez,Daria Zhelezniakova
2024-09-28,Taylor Lapilus,Vince Morales
2024-09-28,Ludovit Klein,Roosevelt Roberts
2024-09-28,Oumar Sy,Da Woon Jung
2024-09-28,Ion Cutelaba,Ivan Erslan
2024-09-28,Farés Ziam,Matt Frevola
2024-09-28,Morgan Charrière,Gabriel Miranda
2024-09-28,Bryan Battle,Kevin Jousset
2024-09-28,William Gomis,Joanderson Brito
2024-09-28,Nassourdine Imavov,Brendan Allen
2024-09-28,Renato Moicano,Benoît Saint Denis
2024-10-02,Jacobe Smith,Christien Savoie
2024-10-02,Torrez Finney,Abdellah Er-Ramy
2024-10-02,David Martinez,Xavier Franklin
2024-10-02,Alberto Montes,Carlos Calderon
2024-10-02,Diyar Nurgozhay,Bartosz Szewczyk
2024-10-05,Court McGee,Tim Means
2024-10-05,Tecia Pennington,Carla Esparza
2024-10-05,Ryan Spann,Ovince Saint Preux
2024-10-05,Cesar Almeida,Ihor Potieria
2024-10-05,Alexander Hernandez,Austin Hubbard
2024-10-05,Iasmin Lucindo,Marina Rodriguez
2024-10-05,Joaquin Buckley,Stephen Thompson
2024-10-05,Kayla Harrison,Ketlen Vieira
2024-10-05,Roman Dolidze,Kevin Holland
2024-10-05,Mario Bautista,José Aldo
2024-10-05,Julianna Peña,Raquel Pennington
2024-10-05,Alex Pereira,Khalil Rountree Jr.
2024-10-09,Sean Gauci,Anthony Drilich
2024-10-09,Islam Dulatov,Vanilto Antunes
2024-10-09,Mario Pinto,Lucas Camacho
2024-10-09,Kody Steele,Chasen Blair
2024-10-09,Artem Vakhitov,Islem Masraf
2024-10-12,Clayton Carpenter,Lucas Rocha
2024-10-12,Cody Haddon,Dan Argueta
2024-10-12,Julia Polastri,Cory McKenna
2024-10-12,Junior Tafa,Sean Sharaf
2024-10-12,Themba Gorimbo,Niko Price
2024-10-12,Pat Sabatini,Jonathan Pearce
2024-10-12,Ramazan Temirov,CJ Vergara
2024-10-12,Daniel Rodriguez,Alex Morono
2024-10-12,Grant Dawson,Rafa Garcia
2024-10-12,Chidi Njokuani,Jared Gooden
2024-10-12,JunYong Park,Brad Tavares
2024-10-12,Brandon Royval,Tatsuro Taira
2024-10-16,Jonathan Micallef,Mohamed Ado
2024-10-16,Julieta Martinez,Leslie Hernandez
2024-10-16,Yadier del Valle,Antonio Monteiro
2024-10-16,Luis Gurule,Nick Piccininni
2024-10-16,Nick Klein,Heraldo Souza
2024-10-19,Austen Lane,Robelis Despaigne
2024-10-19,Melissa Martinez,Alice Ardelean
2024-10-19,Elise Reed,Jessica Penne
2024-10-19,Joselyne Edwards,Tamires Vidal
2024-10-19,Jean Matsumoto,Brad Katona
2024-10-19,Asu Almabayev,Matheus Nicolau
2024-10-19,Darren Elkins,Daniel Pineda
2024-10-19,Cameron Smotherman,Jake Hadley
2024-10-19,Charles Johnson,Sumudaerji
2024-10-19,Rob Font,Kyler Phillips
2024-10-19,Anthony Hernandez,Michel Pereira
2024-10-26,Rinat Fakhretdinov,Carlos Leal
2024-10-26,Ismail Naurdiev,Bruno Silva
2024-10-26,Farid Basharat,Victor Hugo
2024-10-26,Kennedy Nzechukwu,Chris Barnett
2024-10-26,Abus Magomedov,Brunno Ferreira
2024-10-26,Mateusz Rębecki,Myktybek Orolbai
2024-10-26,Geoff Neal,Rafael Dos Anjos
2024-10-26,Ibo Aslan,Rafael Cerqueira
2024-10-26,Shara Magomedov,Armen Petrosyan
2024-10-26,Lerone Murphy,Dan Ige
2024-10-26,Magomed Ankalaev,Aleksandar Rakic
2024-10-26,Khamzat Chimaev,Robert Whittaker
2024-10-26,Ilia Topuria,Max Holloway
2024-11-02,Jamey-Lyn Horth,Ivana Petrovic
2024-11-02,Cody Gibson,Chad Anheliger
2024-11-02,Serhiy Sidey,Garrett Armfield
2024-11-02,Alexandr Romanov,Rodrigo Nascimento
2024-11-02,Youssef Zalal,Jack Shore
2024-11-02,Charles Jourdain,Victor Henry
2024-11-02,Aiemann Zahabi,Pedro Munhoz
2024-11-02,Mike Malott,Trevin Giles
2024-11-02,Dustin Stoltzfus,Marc-Andre Barriault
2024-11-02,Jasmine Jasudavicius,Ariane Lipski da Silva
2024-11-02,Brendson Ribeiro,Caio Machado
2024-11-02,Erin Blanchfield,Rose Namajunas
2024-11-02,Brandon Moreno,Amir Albazi
2024-11-09,Melissa Mullins,Klaudia Syguła
2024-11-09,Tresean Gore,Antonio Trocoli
2024-11-09,Da'Mon Blackshear,Cody Stamann
2024-11-09,Charles Radtke,Matthew Semelsberger
2024-11-09,Elizeu Zaleski dos Santos,Zach Scroggin
2024-11-09,Denise Gomes,Karolina Kowalkiewicz
2024-11-09,Mansur Abdul-Malik,Duško Todorović
2024-11-09,Gillian Robertson,Luana Pinheiro
2024-11-09,Gaston Bolaños,Cortavious Romious
2024-11-09,Reinier de Ridder,Gerald Meerschaert
2024-11-09,Carlos Prates,Neil Magny
2024-11-16,Eduarda Moura,Veronica Hardy
2024-11-16,Oban Elliott,Bassil Hafez
2024-11-16,Ramiz Brahimaj,Mickey Gall
2024-11-16,Marcin Tybura,Jhonata Diniz
2024-11-16,David Onama,Roberto Romero
2024-11-16,Jim Miller,Damon Jackson
2024-11-16,Marcus McGhee,Jonathan Martinez
2024-11-16,Mauricio Ruffy,James Llontop
2024-11-16,Viviane Araújo,Karine Silva
2024-11-16,Bo Nickal,Paul Craig
2024-11-16,Charles Oliveira,Michael Chandler
2024-11-16,Jon Jones,Stipe Miocic
2024-11-23,Nikolas Motta,Maheshate
2024-11-23,Xiao Long,Quang Le
2024-11-23,Lone'er Kavanagh,Jose Ochoa
2024-11-23,Carlos Hernandez,Nyamjargal Tumendemberel
2024-11-23,Shi Ming,Feng Xiaocan
2024-11-23,DongHun Choi,Kiru Sahota
2024-11-23,SuYoung You,Baergeng Jieleyisi
2024-11-23,Zhang Mingyang,Ozzy Diaz
2024-11-23,Carlos Ulberg,Volkan Oezdemir
2024-11-23,Gabriella Fernandes,Wang Cong
2024-11-23,Muslim Salikhov,Song Kenan
2024-11-23,Yan Xiaonan,Tabatha Ricci
2024-11-23,Petr Yan,Deiveson Figueiredo
2024-12-07,Kennedy Nzechukwu,Lukasz Brzeski
2024-12-07,Chase Hooper,Clay Guida
2024-12-07,Michael Chiesa,Max Griffin
2024-12-07,Joshua Van,Cody Durden
2024-12-07,Eryk Anders,Chris Weidman
2024-12-07,Bryan Battle,Randy Brown
2024-12-07,Movsar Evloev,Aljamain Sterling
2024-12-07,Vicente Luque,Themba Gorimbo
2024-12-07,Dominick Reyes,Anthony Smith
2024-12-07,Dooho Choi,Nate Landwehr
2024-12-07,Bryce Mitchell,Kron Gracie
2024-12-07,Ciryl Gane,Alexander Volkov
2024-12-07,Shavkat Rakhmonov,Ian Machado Garry
2024-12-07,Alexandre Pantoja,Kai Asakura
2024-12-15,Piera Rodriguez,Josefine Knutsson
2024-12-15,Davey Grant,Ramon Taveras
2024-12-15,Miranda Maverick,Jamey-Lyn Horth
2024-12-15,Felipe Lima,Miles Johns
2024-12-15,Sean Woodson,Fernando Padilla
2024-12-15,Joel Álvarez,Drakkar Klose
2024-12-15,Michael Johnson,Ottman Azaitar
2024-12-15,Navajo Stirling,Tuco Tokkos
2024-12-15,Daniel Marcos,Adrian Yanez
2024-12-15,Dustin Jacoby,Vitor Petrino
2024-12-15,Manel Kape,Bruno Silva
2024-12-15,Cub Swanson,Billy Quarantillo
2024-12-15,Joaquin Buckley,Colby Covington
2025-01-11,Nurullo Aliev,Joe Solecki
2025-01-11,Fatima Kline,Viktoriia Dudakova
2025-01-11,Bruno Lopes,Magomed Gadzhiyasulov
2025-01-11,Ernesta Kareckaite,Nicolle Caliari
2025-01-11,Jacobe Smith,Preston Parsons
2025-01-11,Thiago Moisés,Trey Ogden
2025-01-11,Marco Tulio,Ihor Potieria
2025-01-11,Felipe Bunes,Jose Johnson
2025-01-11,Punahele Soriano,Uroš Medić
2025-01-11,Christian Rodriguez,Austin Bashi
2025-01-11,Roman Kopylov,Chris Curtis
2025-01-11,Cesar Almeida,Abdul Razak Alhassan
2025-01-11,Santiago Ponzinibbio,Carlston Harris
2025-01-11,Mackenzie Dern,Amanda Ribas
2025-01-18,Tagir Ulanbekov,Clayton Carpenter
2025-01-18,Bernardo Sopaj,Ricky Turcios
2025-01-18,Muin Gafurov,Rinya Nakamura
2025-01-18,Ailin Perez,Karol Rosa
2025-01-18,Grant Dawson,Diego Ferreira
2025-01-18,Bogdan Guskov,Billy Elekana
2025-01-18,Azamat Bekoev,Zachary Reese
2025-01-18,Raoni Barcelos,Payton Talbott
2025-01-18,Reinier de Ridder,Kevin Holland
2025-01-18,Jailton Almeida,Serghei Spivac
2025-01-18,Jiří Procházka,Jamahal Hill
2025-01-18,Merab Dvalishvili,Umar Nurmagomedov
2025-01-18,Islam Makhachev,Renato Moicano
2025-02-01,Hamdy Abdelwahab,Jamal Pogues
2025-02-01,Bogdan Grad,Lucas Alexander
2025-02-01,Jasmine Jasudavicius,Mayra Bueno Silva
2025-02-01,Terrance McKinney,Damir Hadzovic
2025-02-01,Shamil Gaziev,Thomas Petersen
2025-02-01,Muhammad Naimov,Kaan Ofli
2025-02-01,Farés Ziam,Mike Davis
2025-02-01,Vinicius Oliveira,Said Nurmagomedov
2025-02-01,Sergei Pavlovich,Jairzinho Rozenstruik
2025-02-01,Michael Page,Shara Magomedov
2025-02-01,Nassourdine Imavov,Israel Adesanya
2025-02-08,Quillan Salkilld,Anshul Jubli
2025-02-08,Jonathan Micallef,Kevin Jousset
2025-02-08,Rongzhu,Kody Steele
2025-02-08,Aleksandre Topuria,Colby Thicknesse
2025-02-08,Wang Cong,Bruna Brasil
2025-02-08,Tom Nolan,Viacheslav Borshchev
2025-02-08,Gabriel Santos,Jack Jenkins
2025-02-08,Jake Matthews,Francisco Prado
2025-02-08,Tallison Teixeira,Justin Tafa
2025-02-08,Zhang Weili,Tatiana Suarez
2025-02-08,Dricus Du Plessis,Sean Strickland
2025-02-15,Jacqueline Cavalcanti,Julia Avila
2025-02-15,Valter Walker,Don'Tale Mayes
2025-02-15,Elijah Smith,Vince Morales
2025-02-15,Gabriel Bonfim,Khaos Williams
2025-02-15,Rafael Estevam,Jesus Aguilar
2025-02-15,Angela Hill,Ketlen Souza
2025-02-15,Jose Miguel Delgado,Connor Matthews
2025-02-15,Andre Petroski,Rodolfo Vieira
2025-02-15,Nazim Sadykhov,Ismael Bonfim
2025-02-15,Edmen Shahbazyan,Dylan Budka
2025-02-15,Youssef Zalal,Calvin Kattar
2025-02-15,Jared Cannonier,Gregory Rodrigues
2025-02-22,Modestas Bukauskas,Rafael Cerqueira
2025-02-22,Nursulton Ruziboev,Eric McConico
2025-02-22,Austin Vanderford,Nikolay Veretennikov
2025-02-22,Ricky Simon,Javid Basharat
2025-02-22,Mansur Abdul-Malik,Nick Klein
2025-02-22,Melquizael Costa,Andre Fili
2025-02-22,Ion Cutelaba,Ibo Aslan
2025-02-22,Alonzo Menifield,Julius Walker
2025-02-22,Jean Silva,Melsik Baghdasaryan
2025-02-22,Rob Font,Jean Matsumoto
2025-02-22,Anthony Hernandez,Brendan Allen
2025-02-22,Song Yadong,Henry Cejudo
2025-03-01,Ramazan Temirov,Charles Johnson
2025-03-01,JJ Aldrich,Andrea Lee
2025-03-01,Danny Silva,Lucas Almeida
2025-03-01,Chepe Mariscal,Ricardo Ramos
2025-03-01,Mario Pinto,Austen Lane
2025-03-01,Sam Patterson,Danny Barlow
2025-03-01,Hyder Amil,William Gomis
2025-03-01,Nasrat Haqparast,Esteban Ribovics
2025-03-01,Cody Brundage,Julian Marquez
2025-03-01,Manel Kape,Asu Almabayev
2025-03-08,Ozzy Diaz,Djorden Santos
2025-03-08,Mairon Santos,Francis Marshall
2025-03-08,Carlos Leal,Alex Morono
2025-03-08,Brunno Ferreira,Armen Petrosyan
2025-03-08,Joshua Van,Rei Tsuruya
2025-03-08,Mauricio Ruffy,King Green
2025-03-08,Amanda Lemos,Iasmin Lucindo
2025-03-08,Ignacio Bahamondes,Jalin Turner
2025-03-08,Justin Gaethje,Rafael Fiziev
2025-03-08,Magomed Ankalaev,Alex Pereira
2025-03-15,Carli Judice,Yuneisy Duben
2025-03-15,Priscila Cachoeira,Josiane Nunes
2025-03-15,Andre Lima,Daniel Barez
2025-03-15,Sam Hughes,Stephanie Luciano
2025-03-15,Carlos Vera,Josias Musasa
2025-03-15,SuYoung You,AJ Cunningham
2025-03-15,Waldo Cortes Acosta,Ryan Spann
2025-03-15,Kevin Vallejos,SeungWoo Choi
2025-03-15,Brendson Ribeiro,Diyar Nurgozhay
2025-03-15,Da'Mon Blackshear,Cody Gibson
2025-03-15,Alexander Hernandez,Kurt Holobaugh
2025-03-15,Chidi Njokuani,Elizeu Zaleski dos Santos
2025-03-15,Roman Dolidze,Marvin Vettori
2025-03-22,Kauê Fernandes,Guram Kutateladze
2025-03-22,Caolán Loughran,Nathan Fletcher
2025-03-22,Shauna Bannon,Puja Tomar
2025-03-22,Christian Leroy Duncan,Andrey Pulyaev
2025-03-22,Marcin Tybura,Mick Parkin
2025-03-22,Lone'er Kavanagh,Felipe dos Santos
2025-03-22,Chris Padilla,Jai Herbert
2025-03-22,Nathaniel Wood,Morgan Charrière
2025-03-22,Chris Duncan,Jordan Vucenic
2025-03-22,Alexia Thainara,Molly McCann
2025-03-22,Kevin Holland,Gunnar Nelson
2025-03-22,Carlos Ulberg,Jan Blachowicz
2025-03-22,Sean Brady,Leon Edwards
2025-03-29,MarQuel Mederos,Austin Hubbard
2025-03-29,Jamall Emmers,Gabriel Miranda
2025-03-29,Rafa Garcia,Vinc Pichel
2025-03-29,Loopy Godínez,Julia Polastri
2025-03-29,Melquizael Costa,Christian Rodriguez
2025-03-29,Ateba Gautier,Jose Daniel Medina
2025-03-29,Kevin Borjas,Ronaldo Rodríguez
2025-03-29,David Martinez,Saimon Oliveira
2025-03-29,Raul Rosas Jr.,Vince Morales
2025-03-29,Édgar Cháirez,CJ Vergara
2025-03-29,Manuel Torres,Drew Dober
2025-03-29,Brandon Moreno,Steve Erceg
2025-04-05,Talita Alencar,Vanessa Demopoulos
2025-04-05,Martin Buday,Uran Satybaldiev
2025-04-05,Victor Henry,Pedro Falcão
2025-04-05,Loma Lookboonmee,Istela Nunes
2025-04-05,Rhys McKee,Daniel Frunza
2025-04-05,Dione Barbosa,Diana Belbita
2025-04-05,Torrez Finney,Robert Valentin
2025-04-05,Ode' Osbourne,Luis Gurule
2025-04-05,Brad Tavares,Gerald Meerschaert
2025-04-05,ChangHo Lee,Cortavious Romious
2025-04-05,Pat Sabatini,Joanderson Brito
2025-04-05,Lerone Murphy,Josh Emmett
2025-04-12,Nora Cornolle,Hailey Cowan
2025-04-12,Marco Tulio,Tresean Gore
2025-04-12,Sumudaerji,Mitch Raposo
2025-04-12,Michal Oleksiejczuk,Sedriques Dumas
2025-04-12,Julian Erosa,Darren Elkins
2025-04-12,Chase Hooper,Jim Miller
2025-04-12,Virna Jandiroba,Yan Xiaonan
2025-04-12,Dan Ige,Sean Woodson
2025-04-12,Dominick Reyes,Nikita Krylov
2025-04-12,Jean Silva,Bryce Mitchell
2025-04-12,Yair Rodriguez,Patricio Pitbull
2025-04-12,Paddy Pimblett,Michael Chandler
2025-04-12,Alexander Volkanovski,Diego Lopes
2025-04-26,Joselyne Edwards,Chelsea Chandler
2025-04-26,Timmy Cuamba,Roberto Romero
2025-04-26,Jaqueline Amorim,Polyana Viana
2025-04-26,Malcolm Wellmaker,Cameron Saaiman
2025-04-26,Da'Mon Blackshear,Alatengheili
2025-04-26,Chris Gutierrez,John Castaneda
2025-04-26,Evan Elder,Gauge Young
2025-04-26,Matt Schnell,Jimmy Flick
2025-04-26,Ikram Aliskerov,Andre Muniz
2025-04-26,Randy Brown,Nicolas Dalby
2025-04-26,Abus Magomedov,Michel Pereira
2025-04-26,David Onama,Giga Chikadze
2025-04-26,Zhang Mingyang,Anthony Smith
2025-04-26,Ian Machado Garry,Carlos Prates
2025-05-03,Juliana Miller,Ivana Petrovic
2025-05-03,Thomas Petersen,Don'Tale Mayes
2025-05-03,Quang Le,Gaston Bolaños
2025-05-03,Gillian Robertson,Marina Rodriguez
2025-05-03,Azamat Bekoev,Ryan Loder
2025-05-03,Yana Santos,Miesha Tate
2025-05-03,Mason Jones,Jeremy Stephens
2025-05-03,Serhiy Sidey,Cameron Smotherman
2025-05-03,Montel Jackson,Daniel Marcos
2025-05-03,Daniel Rodriguez,Santiago Ponzinibbio
2025-05-03,Reinier de Ridder,Bo Nickal
2025-05-03,Cory Sandhagen,Deiveson Figueiredo
2025-05-10,Bekzat Almakhan,Brad Katona
2025-05-10,Daniel Santos,JeongYeong Lee
2025-05-10,Marc-Andre Barriault,Bruno Silva
2025-05-10,Navajo Stirling,Ivan Erslan
2025-05-10,Modestas Bukauskas,Ion Cutelaba
2025-05-10,Jasmine Jasudavicius,Jessica Andrade
2025-05-10,Mike Malott,Charles Radtke
2025-05-10,Benoît Saint Denis,Kyle Prepolec
2025-05-10,Natalia Silva,Alexa Grasso
2025-05-10,Aiemann Zahabi,José Aldo
2025-05-10,Valentina Shevchenko,Manon Fiorot
2025-05-10,Jack Della Maddalena,Belal Muhammad
2025-05-17,Tecia Pennington,Luana Pinheiro
2025-05-17,HyunSung Park,Carlos Hernandez
2025-05-17,Denise Gomes,Elise Reed
2025-05-17,Luana Santos,Tainara Lisboa
2025-05-17,Yadier del Valle,Connor Matthews
2025-05-17,Jared Gordon,Thiago Moisés
2025-05-17,Gabe Green,Matheus Camilo
2025-05-17,Melquizael Costa,Julian Erosa
2025-05-17,Nursulton Ruziboev,Dustin Stoltzfus
2025-05-17,Mairon Santos,Sodiq Yusuff
2025-05-17,Michael Morales,Gilbert Burns
2025-05-31,Alice Ardelean,Rayanne dos Santos
2025-05-31,Bolaji Oki,Michael Aswell
2025-05-31,Jordan Leavitt,Kurt Holobaugh
2025-05-31,Allan Nascimento,Jafel Filho
2025-05-31,Zachary Reese,Duško Todorović
2025-05-31,Ketlen Vieira,Macy Chiasson
2025-05-31,Dustin Jacoby,Bruno Lopes
2025-05-31,Ramiz Brahimaj,Billy Ray Goff
2025-05-31,Mateusz Gamrot,Ludovit Klein
2025-06-07,MarQuel Mederos,Mark Choinski
2025-06-07,Quillan Salkilld,Yanal Ashmouz
2025-06-07,JooSang Yoo,Jeka Saragih
2025-06-07,Wang Cong,Ariane Lipski da Silva
2025-06-07,Andreas Gustafsson,Khaos Williams
2025-06-07,Waldo Cortes Acosta,Serghei Spivac
2025-06-07,Azamat Murzakanov,Brendson Ribeiro
2025-06-07,Joshua Van,Bruno Silva
2025-06-07,Kevin Holland,Vicente Luque
2025-06-07,Mario Bautista,Patchy Mix
2025-06-07,Joe Pyfer,Kelvin Gastelum
2025-06-07,Kayla Harrison,Julianna Peña
2025-06-07,Merab Dvalishvili,Sean O'Malley
2025-06-14,Jamey-Lyn Horth,Vanessa Demopoulos
2025-06-14,Phil Rowe,Ange Loosa
2025-06-14,Ricky Simon,Cameron Smotherman
2025-06-14,Jose Ochoa,Cody Durden
2025-06-14,Malcolm Wellmaker,Kris Moutinho
2025-06-14,Michael Chiesa,Court McGee
2025-06-14,Alonzo Menifield,Oumar Sy
2025-06-14,Raoni Barcelos,Cody Garbrandt
2025-06-14,Edmen Shahbazyan,Andre Petroski
2025-06-14,Rose Namajunas,Miranda Maverick
2025-06-14,Kamaru Usman,Joaquin Buckley
2025-06-21,Mohammed Usman,Hamdy Abdelwahab
2025-06-21,Tagir Ulanbekov,Azat Maksum
2025-06-21,Klaudia Syguła,Irina Alekseeva
2025-06-21,Daria Zhelezniakova,Melissa Mullins
2025-06-21,JunYong Park,Ismail Naurdiev
2025-06-21,Seokhyeon Ko,Oban Elliott
2025-06-21,Muhammad Naimov,Bogdan Grad
2025-06-21,Nazim Sadykhov,Nikolas Motta
2025-06-21,Myktybek Orolbai,Tofiq Musayev
2025-06-21,Curtis Blaydes,Rizvan Kuniev
2025-06-21,Rafael Fiziev,Ignacio Bahamondes
2025-06-21,Khalil Rountree Jr.,Jamahal Hill
2025-06-28,Jhonata Diniz,Alvin Hines
2025-06-28,Jacobe Smith,Niko Price
2025-06-28,Terrance McKinney,Viacheslav Borshchev
2025-06-28,Tracy Cortez,Viviane Araújo
2025-06-28,Jose Miguel Delgado,Hyder Amil
2025-06-28,Gregory Rodrigues,Jack Hermansson
2025-06-28,Payton Talbott,Felipe Lima
2025-06-28,Beneil Dariush,Renato Moicano
2025-06-28,Joshua Van,Brandon Royval
2025-06-28,Alexandre Pantoja,Kai Kara-France
2025-06-28,Ilia Topuria,Charles Oliveira
2025-07-12,Fatima Kline,Melissa Martinez
2025-07-12,Mike Davis,Mitch Ramirez
2025-07-12,Valter Walker,Kennedy Nzechukwu
2025-07-12,Eduarda Moura,Lauren Murphy
2025-07-12,Jake Matthews,Chidi Njokuani
2025-07-12,Chris Curtis,Max Griffin
2025-07-12,Tuco Tokkos,Junior Tafa
2025-07-12,Vitor Petrino,Austen Lane
2025-07-12,Morgan Charrière,Nate Landwehr
2025-07-12,Steve Garcia,Calvin Kattar
2025-07-12,Gabriel Bonfim,Stephen Thompson
2025-07-12,Derrick Lewis,Tallison Teixeira
2025-07-19,Carli Judice,Nicolle Caliari
2025-07-19,Brunno Ferreira,Jackson McVey
2025-07-19,Ryan Spann,Lukasz Brzeski
2025-07-19,Jimmy Crute,Marcin Prachnio
2025-07-19,Islam Dulatov,Adam Fugitt
2025-07-19,Ateba Gautier,Robert Valentin
2025-07-19,Nikolay Veretennikov,Francisco Prado
2025-07-19,Brendan Allen,Marvin Vettori
2025-07-19,Vinicius Oliveira,Kyler Phillips
2025-07-19,Michael Johnson,Daniel Zellhuber
2025-07-19,Patricio Pitbull,Dan Ige
2025-07-19,Daniel Rodriguez,Kevin Holland
2025-07-19,Paulo Costa,Roman Kopylov
2025-07-19,Max Holloway,Dustin Poirier
2025-07-26,Martin Buday,Marcus Buchecha
2025-07-26,Steven Nguyen,Mohammad Yahya
2025-07-26,Billy Elekana,Ibo Aslan
2025-07-26,Tabatha Ricci,Amanda Ribas
2025-07-26,Davey Grant,Da'Mon Blackshear
2025-07-26,Muslim Salikhov,Carlos Leal
2025-07-26,Bryce Mitchell,Said Nurmagomedov
2025-07-26,Bogdan Guskov,Nikita Krylov
2025-07-26,Asu Almabayev,Jose Ochoa
2025-07-26,Shara Magomedov,Marc-Andre Barriault
2025-07-26,Petr Yan,Marcus McGhee
2025-07-26,Reinier de Ridder,Robert Whittaker
2025-08-02,Piera Rodriguez,Ketlen Souza
2025-08-02,Rafael Estevam,Felipe Bunes
2025-08-02,Austin Bashi,John Yannis
2025-08-02,Andrey Pulyaev,Nick Klein
2025-08-02,Rodolfo Vieira,Tresean Gore
2025-08-02,Rinya Nakamura,Nathan Fletcher
2025-08-02,Kevin Vallejos,Danny Silva
2025-08-02,Neil Magny,Elizeu Zaleski dos Santos
2025-08-02,Karol Rosa,Nora Cornolle
2025-08-02,Esteban Ribovics,Elves Brener
2025-08-02,Chris Duncan,Mateusz Rębecki
2025-08-02,Tatsuro Taira,HyunSung Park
2025-08-09,Eric McConico,Cody Brundage
2025-08-09,Gabriella Fernandes,Julija Stoliarenko
2025-08-09,Uroš Medić,Gilbert Urbina
2025-08-09,Joselyne Edwards,Priscila Cachoeira
2025-08-09,Elijah Smith,Toshiomi Kazama
2025-08-09,Julius Walker,Rafael Cerqueira
2025-08-09,Christian Leroy Duncan,Eryk Anders
2025-08-09,Jean Matsumoto,Miles Johns
2025-08-09,Andre Fili,Christian Rodriguez
2025-08-09,Iasmin Lucindo,Angela Hill
2025-08-09,Steve Erceg,Ode' Osbourne
2025-08-09,Anthony Hernandez,Roman Dolidze
2025-08-12,Yuri Panferov,Chris Ewert
2025-08-12,Radley da Silva,George Mangos
2025-08-12,Baisangur Susurkaev,Murtaza Talha
2025-08-12,Ty Miller,Jimmy Drago
2025-08-12,Ilian Bouafia,Neemias Santana
2025-08-16,Joseph Morales,Alibi Idiris
2025-08-16,Karine Silva,Dione Barbosa
2025-08-16,Drakkar Klose,Edson Barboza
2025-08-16,Alexander Hernandez,Chase Hooper
2025-08-16,Loopy Godínez,Jessica Andrade
2025-08-16,Michal Oleksiejczuk,Gerald Meerschaert
2025-08-16,Baisangur Susurkaev,Eric Nolan
2025-08-16,Tim Elliott,Kai Asakura
2025-08-16,Michael Page,Jared Cannonier
2025-08-16,Carlos Prates,Geoff Neal
2025-08-16,Lerone Murphy,Aaron Pico
2025-08-16,Khamzat Chimaev,Dricus Du Plessis
2025-08-20,Ramiro Jimenez,Tommy Cuozzi
2025-08-20,Josh Hokit,Guilherme Uriel
2025-08-20,Louis Lee Scott,Kaushik Saikumar
2025-08-20,Cam Rowston,Brandon Holmes
2025-08-20,Jose Delano,Manuel Exposito
2025-08-23,Uran Satybaldiev,Diyar Nurgozhay
2025-08-23,SuYoung You,Xiao Long
2025-08-23,Yizha,Westin Wilson
2025-08-23,Kyle Daukaus,Michel Pereira
2025-08-23,Rongzhu,Austin Hubbard
2025-08-23,Charles Johnson,Lone'er Kavanagh
2025-08-23,Gauge Young,Maheshate
2025-08-23,Taiyilake Nueraji,Kiefer Crosbie
2025-08-23,Sumudaerji,Kevin Borjas
2025-08-23,Sergei Pavlovich,Waldo Cortes Acosta
2025-08-23,Aljamain Sterling,Brian Ortega
2025-08-23,Johnny Walker,Zhang Mingyang
2025-08-27,Donte Johnson,Darion Abbey
2025-08-27,Manoel Sousa,Cristian Perez
2025-08-27,Abdul-Rakhman Yakhyaev,Alik Lorenz
2025-08-27,Marcio Barbosa,Damon Wilson
2025-08-27,Ryan Gandra,Trent Miller
2025-09-03,Tommy McMillen,David Mgoyan
2025-09-03,Eduardo Chapolin,An Tuan Ho
2025-09-03,Mandel Nallo,Samuel Silva
2025-09-03,Cezary Oleksiejczuk,Theo Haig
2025-09-03,Jean-Paul Lebosnoyani,Jack Congdon
2025-09-06,Sam Hughes,Shauna Bannon
2025-09-06,Rinat Fakhretdinov,Andreas Gustafsson
2025-09-06,Robert Bryczek,Brad Tavares
2025-09-06,Sam Patterson,Trey Waters
2025-09-06,Kauê Fernandes,Harry Hardwick
2025-09-06,Ante Delija,Marcin Tybura
2025-09-06,Oumar Sy,Brendson Ribeiro
2025-09-06,William Gomis,Robert Ruchała
2025-09-06,Axel Sola,Rhys McKee
2025-09-06,Mason Jones,Bolaji Oki
2025-09-06,Modestas Bukauskas,Paul Craig
2025-09-06,Benoît Saint Denis,Mauricio Ruffy
2025-09-06,Nassourdine Imavov,Caio Borralho
2025-09-10,Carol Foro,Shanelle Dyer
2025-09-10,Samuel Sanches,Chasen Blair
2025-09-10,Freddy Vidal,Felipe Franco
2025-09-10,Lerryan Douglas,Cam Teague
2025-09-10,Steven Asplund,Anthony Guarascio
2025-09-13,Daniil Donchenko,Rodrigo Sezinando
2025-09-13,Montse Rendon,Alice Pereira
2025-09-13,Alden Coria,Alessandro Costa
2025-09-13,Jesus Aguilar,Luis Gurule
2025-09-13,Tatiana Suarez,Amanda Lemos
2025-09-13,Joaquim Silva,Claudio Puelles
2025-09-13,Duško Todorović,Jose Daniel Medina
2025-09-13,Santiago Luna,Quang Le
2025-09-13,Alexander Hernandez,Diego Ferreira
2025-09-13,Kelvin Gastelum,Dustin Stoltzfus
2025-09-13,Rafa Garcia,Jared Gordon
2025-09-13,David Martinez,Rob Font
2025-09-13,Diego Lopes,Jean Silva
2025-09-17,Cody Chovancek,Raphael Uchegbu
2025-09-17,Paddy McCorry,In Soo Hwang
2025-09-17,Tommy Gantt,Adam Livingston
2025-09-17,Iwo Baraniewski,Mahamed Aly
2025-09-17,Hecher Sosa,Mackson Lee
2025-09-24,Rafael Tobias,Jair de Oliveira
2025-09-24,Javier Reyes,Justice Torres
2025-09-24,Jeisla Chaves,Sofia Montenegro
2025-09-24,Murtazali Magomedov,Brahyam Zurcher
2025-09-24,Mantas Kondratavičius,Djani Barbir
2025-09-27,Alexia Thainara,Loma Lookboonmee
2025-09-27,Brando Peričić,Elisha Ellison
2025-09-27,Michelle Montague,Luana Carolina
2025-09-27,Colby Thicknesse,Josias Musasa
2025-09-27,Jamie Mullarkey,Rolando Bedoya
2025-09-27,Cam Rowston,Andre Petroski
2025-09-27,Navajo Stirling,Rodolfo Bellato
2025-09-27,Tom Nolan,Charlie Campbell
2025-09-27,Neil Magny,Jake Matthews
2025-09-27,Jack Jenkins,Ramon Taveras
2025-09-27,Jimmy Crute,Ivan Erslan
2025-09-27,Carlos Ulberg,Dominick Reyes
2025-10-01,Rashid Vagabov,Paulo Henrique
2025-10-01,Kurtis Campbell,Demba Seck
2025-10-01,Christopher Alvidrez,Eliezer Kubanza
2025-10-01,Louis Jourdain,Magno Dias
2025-10-01,Damian Pinas,Vitor Costa
2025-10-04,Veronica Hardy,Brogan Walker
2025-10-04,Ramiz Brahimaj,Austin Vanderford
2025-10-04,Farid Basharat,Chris Gutierrez
2025-10-04,Yana Santos,Macy Chiasson
2025-10-04,Punahele Soriano,Nikolay Veretennikov
2025-10-04,Edmen Shahbazyan,Andre Muniz
2025-10-04,Jakub Wikłacz,Patchy Mix
2025-10-04,Daniel Santos,JooSang Yoo
2025-10-04,Ateba Gautier,Tre'ston Vines
2025-10-04,Joe Pyfer,Abus Magomedov
2025-10-04,Youssef Zalal,Josh Emmett
2025-10-04,Jiří Procházka,Khalil Rountree Jr.
2025-10-04,Merab Dvalishvili,Cory Sandhagen
2025-10-04,Alex Pereira,Magomed Ankalaev
2025-10-08,Luke Fernandez,Rafael Pergentino
2025-10-08,Luis Felipe Dias,Donavon Hedrick
2025-10-08,Imanol Rodriguez,Roque Conceição
2025-10-08,Adrian Luna Martinetti,Mark Vologdin
2025-10-08,Magomed Zaynukov,Lucas Caldas
2025-10-11,Luan Lacerda,Saimon Oliveira
2025-10-11,Julia Polastri,Karolina Kowalkiewicz
2025-10-11,Lucas Rocha,Stewart Nicoll
2025-10-11,Bia Mesquita,Irina Alekseeva
2025-10-11,Vitor Petrino,Thomas Petersen
2025-10-11,Jafel Filho,Clayton Carpenter
2025-10-11,Michael Aswell,Lucas Almeida
2025-10-11,Kaan Ofli,Ricardo Ramos
2025-10-11,Mario Pinto,Jhonata Diniz
2025-10-11,Joel Álvarez,Vicente Luque
2025-10-11,Deiveson Figueiredo,Montel Jackson
2025-10-11,Charles Oliveira,Mateusz Gamrot
2025-10-15,Wes Schultz,Mario Mingaj
2025-10-15,Jovan Leka,Azamat Nuftillaev
2025-10-15,Michael Oliveira,Victor Valenzuela
2025-10-15,Marwan Rahiki,Ananias Mulumba
2025-10-15,Juan Diaz,Kwon Won Il
2025-10-18,Melissa Croden,Tainara Lisboa
2025-10-18,Yousri Belgaroui,Azamat Bekoev
2025-10-18,Stephanie Luciano,Ravena Oliveira
2025-10-18,Djorden Santos,Danny Barlow
2025-10-18,Bruno Silva,HyunSung Park
2025-10-18,Aoriqileng,Cody Gibson
2025-10-18,Drew Dober,Kyle Prepolec
2025-10-18,Kyle Nelson,Matt Frevola
2025-10-18,Charles Jourdain,Davey Grant
2025-10-18,Manon Fiorot,Jasmine Jasudavicius
2025-10-18,Aiemann Zahabi,Marlon Vera
2025-10-18,Mike Malott,Kevin Holland
2025-10-18,Brendan Allen,Reinier de Ridder
2025-10-25,Mizuki,Jaqueline Amorim
2025-10-25,Mitch Raposo,Azat Maksum
2025-10-25,Hamdy Abdelwahab,Chris Barnett
2025-10-25,Nathaniel Wood,Jose Miguel Delgado
2025-10-25,Valter Walker,Louie Sutherland
2025-10-25,Ludovit Klein,Mateusz Rębecki
2025-10-25,Ikram Aliskerov,JunYong Park
2025-10-25,Quillan Salkilld,Nasrat Haqparast
2025-10-25,Azamat Murzakanov,Aleksandar Rakic
2025-10-25,Alexander Volkov,Jailton Almeida
2025-10-25,Umar Nurmagomedov,Mario Bautista
2025-10-25,Mackenzie Dern,Virna Jandiroba
2025-11-01,Talita Alencar,Ariane Carnelossi
2025-11-01,Seokhyeon Ko,Phil Rowe
2025-11-01,Alice Ardelean,Montserrat Conejo Ruiz
2025-11-01,Norma Dumont,Ketlen Vieira
2025-11-01,Donte Johnson,Sedriques Dumas
2025-11-01,Timmy Cuamba,ChangHo Lee
2025-11-01,Billy Elekana,Kevin Christian
2025-11-01,Allan Nascimento,Cody Durden
2025-11-01,Charles Radtke,Daniel Frunza
2025-11-01,Yadier del Valle,Isaac Dulgarian
2025-11-01,Jeremiah Wells,Themba Gorimbo
2025-11-01,Waldo Cortes Acosta,Ante Delija
2025-11-01,Steve Garcia,David Onama
2025-11-08,Zachary Reese,Jackson McVey
2025-11-08,Daniel Marcos,Miles Johns
2025-11-08,Denise Gomes,Tecia Pennington
2025-11-08,Josh Hokit,Max Gimenis
2025-11-08,Jacqueline Cavalcanti,Mayra Bueno Silva
2025-11-08,Raoni Barcelos,Ricky Simon
2025-11-08,Jamall Emmers,Hyder Amil
2025-11-08,Christian Leroy Duncan,Marco Tulio
2025-11-08,Chris Padilla,Ismael Bonfim
2025-11-08,Uroš Medić,Muslim Salikhov
2025-11-08,Joseph Morales,Matt Schnell
2025-11-08,Gabriel Bonfim,Randy Brown
2025-11-15,Matheus Camilo,Viacheslav Borshchev
2025-11-15,Baisangur Susurkaev,Eric McConico
2025-11-15,Fatima Kline,Angela Hill
2025-11-15,Pat Sabatini,Chepe Mariscal
2025-11-15,Kyle Daukaus,Gerald Meerschaert
2025-11-15,Ethyn Ewing,Malcolm Wellmaker
2025-11-15,Erin Blanchfield,Tracy Cortez
2025-11-15,Gregory Rodrigues,Roman Kopylov
2025-11-15,Bo Nickal,Rodolfo Vieira
2025-11-15,Benoît Saint Denis,Beneil Dariush
2025-11-15,Carlos Prates,Leon Edwards
2025-11-15,Michael Morales,Sean Brady
2025-11-15,Valentina Shevchenko,Zhang Weili
2025-11-15,Islam Makhachev,Jack Della Maddalena
2025-11-22,Denzel Freeman,Marek Bujlo
2025-11-22,Nurullo Aliev,Shem Rock
2025-11-22,Ismail Naurdiev,Ryan Loder
2025-11-22,Aleksandre Topuria,Bekzat Almakhan
2025-11-22,Abdul-Rakhman Yakhyaev,Rafael Cerqueira
2025-11-22,Asu Almabayev,Alex Perez
2025-11-22,Nicolas Dalby,Saygid Izagakhmaev
2025-11-22,Luke Riley,Bogdan Grad
2025-11-22,Kyoji Horiguchi,Tagir Ulanbekov
2025-11-22,Waldo Cortes Acosta,Shamil Gaziev
2025-11-22,Myktybek Orolbai,Jack Hermansson
2025-11-22,Volkan Oezdemir,Alonzo Menifield
2025-11-22,Ian Machado Garry,Belal Muhammad
2025-11-22,Arman Tsarukyan,Dan Hooker
2025-12-06,Mairon Santos,Muhammad Naimov
2025-12-06,Mansur Abdul-Malik,Antonio Trocoli
2025-12-06,Iwo Baraniewski,Ibo Aslan
2025-12-06,Jalin Turner,Edson Barboza
2025-12-06,Brunno Ferreira,Marvin Vettori
2025-12-06,Farés Ziam,Nazim Sadykhov
2025-12-06,Maycee Barber,Karine Silva
2025-12-06,Chris Duncan,Terrance McKinney
2025-12-06,Manuel Torres,Grant Dawson
2025-12-06,Payton Talbott,Henry Cejudo
2025-12-06,Tatsuro Taira,Brandon Moreno
2025-12-06,Joshua Van,Alexandre Pantoja
2025-12-06,Petr Yan,Merab Dvalishvili
2025-12-14,Jamey-Lyn Horth,Tereza Bleda
2025-12-14,Guilherme Pat,Allen Frye Jr.
2025-12-14,Luana Santos,Melissa Croden
2025-12-14,Steven Asplund,Sean Sharaf
2025-12-14,Joanderson Brito,Isaac Thomson
2025-12-14,Yaroslav Amosov,Neil Magny
2025-12-14,King Green,Lance Gibson Jr.
2025-12-14,Melquizael Costa,Morgan Charrière
2025-12-14,Cezary Oleksiejczuk,Cesar Almeida
2025-12-14,Kevin Vallejos,Giga Chikadze
2025-12-14,Manel Kape,Brandon Royval
2026-01-24,Ty Miller,Adam Fugitt
2026-01-24,Josh Hokit,Denzel Freeman
2026-01-24,Alex Perez,Charles Johnson
2026-01-24,Nikita Krylov,Modestas Bukauskas
2026-01-24,Ateba Gautier,Andrey Pulyaev
2026-01-24,Umar Nurmagomedov,Deiveson Figueiredo
2026-01-24,Jean Silva,Arnold Allen
2026-01-24,Natalia Silva,Rose Namajunas
2026-01-24,Waldo Cortes Acosta,Derrick Lewis
2026-01-24,Sean O'Malley,Song Yadong
2026-01-24,Justin Gaethje,Paddy Pimblett
2026-01-31,Lawrence Lui,Sulangrangbo
2026-01-31,Keiichiro Nakamura,Sebastian Szalay
2026-01-31,Dom Mar Fan,Sangwook Kim
2026-01-31,Kaan Ofli,Yizha
2026-01-31,Jonathan Micallef,Oban Elliott
2026-01-31,Jacob Malkoun,Torrez Finney
2026-01-31,Cam Rowston,Cody Brundage
2026-01-31,Billy Elekana,Junior Tafa
2026-01-31,Quillan Salkilld,Jamie Mullarkey
2026-01-31,Tallison Teixeira,Tai Tuivasa
2026-01-31,Mauricio Ruffy,Rafael Fiziev
2026-01-31,Benoît Saint Denis,Dan Hooker
2026-01-31,Alexander Volkanovski,Diego Lopes
2026-02-07,Klaudia Syguła,Priscila Cachoeira
2026-02-07,Jakub Wikłacz,Muin Gafurov
2026-02-07,Wang Cong,Eduarda Moura
2026-02-07,Javid Basharat,Gianni Vazquez
2026-02-07,Ketlen Souza,Bruna Brasil
2026-02-07,Nikolay Veretennikov,Niko Price
2026-02-07,Daniil Donchenko,Alex Morono
2026-02-07,Dustin Jacoby,Julius Walker
2026-02-07,Farid Basharat,Jean Matsumoto
2026-02-07,Michal Oleksiejczuk,Marc-Andre Barriault
2026-02-07,Rizvan Kuniev,Jailton Almeida
2026-02-07,Kyoji Horiguchi,Amir Albazi
2026-02-07,Mario Bautista,Vinicius Oliveira
2026-02-21,Carli Judice,Juliana Miller
2026-02-21,Jordan Leavitt,Yadier del Valle
2026-02-21,Jean-Paul Lebosnoyani,Phil Rowe
2026-02-21,Punahele Soriano,Ramiz Brahimaj
2026-02-21,Joselyne Edwards,Nora Cornolle
2026-02-21,Alden Coria,Luis Gurule
2026-02-21,Alibi Idiris,Ode' Osbourne
2026-02-21,Carlos Leal,Chidi Njokuani
2026-02-21,Michel Pereira,Zachary Reese
2026-02-21,Jacobe Smith,Josiah Harrell
2026-02-21,Serghei Spivac,Ante Delija
2026-02-21,Melquizael Costa,Dan Ige
2026-02-21,Uroš Medić,Geoff Neal
2026-02-21,Sean Strickland,Anthony Hernandez
2026-02-28,Damian Pinas,Wes Schultz
2026-02-28,Francis Marshall,Erik Silva
2026-02-28,Regina Tarin,Ernesta Kareckaite
2026-02-28,Javier Reyes,Douglas Silva de Andrade
2026-02-28,Cristian Quiñonez,Kris Moutinho
2026-02-28,Ailin Perez,Macy Chiasson
2026-02-28,Ryan Gandra,Jose Daniel Medina
2026-02-28,Santiago Luna,Angel Pacheco
2026-02-28,Imanol Rodriguez,Kevin Borjas
2026-02-28,Édgar Cháirez,Felipe Bunes
2026-02-28,King Green,Daniel Zellhuber
2026-02-28,David Martinez,Marlon Vera
2026-02-28,Lone'er Kavanagh,Brandon Moreno
2026-03-07,Rodolfo Bellato,Luke Fernandez
2026-03-07,Diyar Nurgozhay,Rafael Tobias
2026-03-07,Sumudaerji,Jesus Aguilar
2026-03-07,Nyamjargal Tumendemberel,Cody Durden
2026-03-07,Alberto Montes,Ricky Turcios
2026-03-07,Donte Johnson,Cody Brundage
2026-03-07,Cody Garbrandt,Xiao Long
2026-03-07,Gregory Rodrigues,Brunno Ferreira
2026-03-07,Drew Dober,Michael Johnson
2026-03-07,Raul Rosas Jr.,Rob Font
2026-03-07,Caio Borralho,Reinier de Ridder
2026-03-07,Charles Oliveira,Max Holloway
2026-03-14,Piera Rodriguez,Sam Hughes
2026-03-14,Hecher Sosa,Luan Lacerda
2026-03-14,Bia Mesquita,Montse Rendon
2026-03-14,Eryk Anders,Brad Tavares
2026-03-14,Manoel Sousa,Bolaji Oki
2026-03-14,Elijah Smith,SuYoung You
2026-03-14,Vitor Petrino,Steven Asplund
2026-03-14,Myktybek Orolbai,Chris Curtis
2026-03-14,Charles Johnson,Bruno Silva
2026-03-14,Ion Cutelaba,Oumar Sy
2026-03-14,Marwan Rahiki,Harry Hardwick
2026-03-14,Jose Miguel Delgado,Andre Fili
2026-03-14,Gillian Robertson,Amanda Lemos
2026-03-14,Kevin Vallejos,Josh Emmett
2026-03-21,Shanelle Dyer,Ravena Oliveira
2026-03-21,Abdul-Kareem Al-Selwady,Shem Rock
2026-03-21,Brando Peričić,Louie Sutherland
2026-03-21,Mantas Kondratavičius,Antonio Trocoli
2026-03-21,Mario Pinto,Felipe Franco
2026-03-21,Nathaniel Wood,Losene Keita
2026-03-21,Mason Jones,Axel Sola
2026-03-21,Danny Silva,Kurtis Campbell
2026-03-21,Christian Leroy Duncan,Roman Dolidze
2026-03-21,Iwo Baraniewski,Austen Lane
2026-03-21,Michael Page,Sam Patterson
2026-03-21,Luke Riley,Michael Aswell
2026-03-21,Movsar Evloev,Lerone Murphy
2026-03-28,Alexia Thainara,Bruna Brasil
2026-03-28,Navajo Stirling,Bruno Lopes
2026-03-28,Casey O'Neill,Gabriella Fernandes
2026-03-28,Tyrell Fortune,Marcin Tybura
2026-03-28,Lance Gibson Jr.,Chase Hooper
2026-03-28,Tofiq Musayev,Ignacio Bahamondes
2026-03-28,Terrance McKinney,Kyle Nelson
2026-03-28,Yousri Belgaroui,Mansur Abdul-Malik
2026-03-28,Lerryan Douglas,Julian Erosa
2026-03-28,Michael Chiesa,Niko Price
2026-03-28,Alexa Grasso,Maycee Barber
2026-03-28,Joe Pyfer,Israel Adesanya
2026-04-04,Kai Kamaka III,Dakota Hope
2026-04-04,Dione Barbosa,Melissa Gatto
2026-04-04,Tresean Gore,Azamat Bekoev
2026-04-04,Alice Pereira,Hailey Cowan
2026-04-04,Darrius Flowers,Lando Vannata
2026-04-04,Alessandro Costa,Stewart Nicoll
2026-04-04,Thomas Petersen,Guilherme Pat
2026-04-04,Jose Delano,Robert Ruchała
2026-04-04,Tommy McMillen,Manolo Zecchini
2026-04-04,Ethyn Ewing,Rafael Estevam
2026-04-04,Abdul-Rakhman Yakhyaev,Brendson Ribeiro
2026-04-04,Virna Jandiroba,Tabatha Ricci
2026-04-04,Renato Moicano,Chris Duncan
2026-04-11,Charles Radtke,Francisco Prado
2026-04-11,Vicente Luque,Kelvin Gastelum
2026-04-11,Tatiana Suarez,Loopy Godínez
2026-04-11,Mateusz Gamrot,Esteban Ribovics
2026-04-11,Kevin Holland,Randy Brown
2026-04-11,Aaron Pico,Patricio Pitbull
2026-04-11,Cub Swanson,Nate Landwehr
2026-04-11,Dominick Reyes,Johnny Walker
2026-04-11,Josh Hokit,Curtis Blaydes
2026-04-11,Paulo Costa,Azamat Murzakanov
2026-04-11,Carlos Ulberg,Jiří Procházka
2026-04-18,John Yannis,Jamie Siraj
2026-04-18,JJ Aldrich,Jamey-Lyn Horth
2026-04-18,Melissa Croden,Daria Zhelezniakova
2026-04-18,Gokhan Saricam,Tanner Boser
2026-04-18,Robert Valentin,Julien LeBlanc
2026-04-18,Marcio Barbosa,Dennis Buzukja
2026-04-18,Gauge Young,Thiago Moisés
2026-04-18,Jasmine Jasudavicius,Karine Silva
2026-04-18,Jai Herbert,Mandel Nallo
2026-04-18,Charles Jourdain,Kyler Phillips
2026-04-18,Mike Malott,Gilbert Burns
2026-04-25,Talita Alencar,Julia Polastri
2026-04-25,Victor Valenzuela,Max Griffin
2026-04-25,Francis Marshall,Lucas Brennan
2026-04-25,Cody Durden,Jafel Filho
2026-04-25,Michelle Montague,Mayra Bueno Silva
2026-04-25,Jackson McVey,Sedriques Dumas
2026-04-25,Eric McConico,Rodolfo Vieira
2026-04-25,Ryan Spann,Marcus Buchecha
2026-04-25,Raoni Barcelos,Montel Jackson
2026-04-25,Davey Grant,Adrian Luna Martinetti
2026-04-25,Rafa Garcia,Alexander Hernandez
2026-04-25,Joselyne Edwards,Norma Dumont
2026-04-25,Aljamain Sterling,Youssef Zalal
2026-05-02,Kody Steele,Dom Mar Fan
2026-05-02,Jonathan Micallef,Themba Gorimbo
2026-05-02,Wes Schultz,Ben Johnston
2026-05-02,Colby Thicknesse,Vince Morales
2026-05-02,Jacob Malkoun,Gerald Meerschaert
2026-05-02,Junior Tafa,Kevin Christian
2026-05-02,Cam Rowston,Robert Bryczek
2026-05-02,Louie Sutherland,Tai Tuivasa
2026-05-02,Brando Peričić,Shamil Gaziev
2026-05-02,Marwan Rahiki,Ollie Schmid
2026-05-02,Steve Erceg,Tim Elliott
2026-05-02,Quillan Salkilld,Beneil Dariush
2026-05-02,Carlos Prates,Jack Della Maddalena
2026-05-09,Jose Ochoa,Clayton Carpenter
2026-05-09,Baisangur Susurkaev,Djorden Santos
2026-05-09,Pat Sabatini,William Gomis
2026-05-09,Roman Kopylov,Marco Tulio
2026-05-09,Jim Miller,Jared Gordon
2026-05-09,Grant Dawson,Mateusz Rębecki
2026-05-09,Yaroslav Amosov,Joel Álvarez
2026-05-09,Ateba Gautier,Ozzy Diaz
2026-05-09,King Green,Jeremy Stephens
2026-05-09,Sean Brady,Joaquin Buckley
2026-05-09,Alexander Volkov,Waldo Cortes Acosta
2026-05-09,Joshua Van,Tatsuro Taira
2026-05-09,Sean Strickland,Khamzat Chimaev
2026-05-16,Nicolle Caliari,Shauna Bannon
2026-05-16,Luis Gurule,Daniel Barez
2026-05-16,Alice Ardelean,Polyana Viana
2026-05-16,Cody Brundage,Andre Petroski
2026-05-16,Ketlen Vieira,Jacqueline Cavalcanti
2026-05-16,Tommy Gantt,Artur Minev
2026-05-16,Ivan Erslan,Tuco Tokkos
2026-05-16,Khaos Williams,Nikolay Veretennikov
2026-05-16,Bernardo Sopaj,Timmy Cuamba
2026-05-16,Modestas Bukauskas,Christian Edwards
2026-05-16,Juan Diaz,Malcolm Wellmaker
2026-05-16,Dooho Choi,Daniel Santos
2026-05-16,Arnold Allen,Melquizael Costa
2026-05-30,Jaqueline Amorim,Loma Lookboonmee
2026-05-30,Rodrigo Vera,Zhu Kangjie
2026-05-30,Angela Hill,Jingnan Xiong
2026-05-30,Rei Tsuruya,Luis Gurule
2026-05-30,Cody Haddon,Aoriqileng
2026-05-30,Jose Henrique,Ding Meng
2026-05-30,Luis Felipe Dias,Yi Sak Lee
2026-05-30,Jake Matthews,Carlston Harris
2026-05-30,Kai Asakura,Cameron Smotherman
2026-05-30,Sergei Pavlovich,Tallison Teixeira
2026-05-30,Alonzo Menifield,Zhang Mingyang
2026-05-30,Song Yadong,Deiveson Figueiredo
2026-06-06,Ketlen Souza,Ariane Carnelossi
2026-06-06,Jeisla Chaves,Yuneisy Duben
2026-06-06,Joanderson Brito,Jordan Leavitt
2026-06-06,Chelsea Chandler,Priscila Cachoeira
2026-06-06,Édgar Cháirez,Bruno Silva
2026-06-06,Marcus McGhee,John Yannis
2026-06-06,Alessandro Costa,Matt Schnell
2026-06-06,Iwo Baraniewski,Junior Tafa
2026-06-06,Bryce Mitchell,Santiago Luna
2026-06-06,Tom Nolan,Farés Ziam
2026-06-06,Brendan Allen,Edmen Shahbazyan
2026-06-06,Gabriel Bonfim,Belal Muhammad
